Business,Date,Amount,Invoice Number,Description,SubCategory,Contact,Team,Job,Vehicle,Transport,Notes
,2024-03-27,180.11,,Google Ads,Advertising,,,,,,
,2024-05-09,6.08,,Senior Portraits - Langemeier,Bank Fees,,"TSP, LLC",,,,
,2024-07-04,9.95,,PaymnentTech Monthly Fee,Bank Fees,,"TSP, LLC",,,,
,2024-07-31,15,,Chase Business Checking Account Fee,Bank Fees,,"TSP, LLC",,,,
,2024-08-04,9.95,,PaymnentTech Monthly Fee,Bank Fees,,"TSP, LLC",,,,
,2024-08-31,15,,Chase Business Checking Account Fee,Bank Fees,,"TSP, LLC",,,,
,2024-09-04,9.95,,PaymnentTech Monthly Fee,Bank Fees,,"TSP, LLC",,,,
,2024-09-30,15,,Chase Business Checking Account Fee,Bank Fees,,"TSP, LLC",,,,
,2024-11-22,9,,Chase: PaymentTech,Bank Fees,,"TSP, LLC",,,,
,2024-11-22,15,,Chase: Account Fee,Bank Fees,,"TSP, LLC",,,,
,2024-12-02,9,,Chase: PaymentTech,Bank Fees,,"TSP, LLC",,,,
,2024-12-30,15,,Chase: Account Fee,Bank Fees,,"TSP, LLC",,,,
,2025-01-02,9,,PaymentTech,Bank Fees,,"TSP, LLC",,,,
,2025-01-04,9.95,,PaymnentTech Monthly Fee,Bank Fees,,"TSP, LLC",,,,
,2025-01-25,9,,Chase: PaymentTech,Bank Fees,,"TSP, LLC",,,,
,2025-01-25,15,,Chase: Account Fee,Bank Fees,,"TSP, LLC",,,,
,2025-01-30,15,,Chase Bank Fee,Bank Fees,,"TSP, LLC",,,,
,2025-01-31,15,,Chase Business Checking Account Fee,Bank Fees,,"TSP, LLC",,,,
,2025-02-02,9,,PaymentTech,Bank Fees,,"TSP, LLC",,,,
,2025-02-02,9,,Chase: PaymentTech,Bank Fees,,"TSP, LLC",,,,
,2025-02-02,15,,Chase: Account Fee,Bank Fees,,"TSP, LLC",,,,
,2025-02-04,9.95,,PaymnentTech Monthly Fee,Bank Fees,,"TSP, LLC",,,,
,2025-02-08,9,,Chase: PaymentTech,Bank Fees,,"TSP, LLC",,,,
,2025-02-09,15,,Chase: Account Fee,Bank Fees,,"TSP, LLC",,,,
,2025-02-28,15,,Chase Business Checking Account Fee,Bank Fees,,"TSP, LLC",,,,
,2025-02-28,15,,Chase Bank Fee,Bank Fees,,"TSP, LLC",,,,
,2025-03-02,9,,PaymentTech,Bank Fees,,"TSP, LLC",,,,
,2025-03-04,9.95,,PaymnentTech Monthly Fee,Bank Fees,,"TSP, LLC",,,,
,2025-03-30,15,,Chase Bank Fee,Bank Fees,,"TSP, LLC",,,,
,2025-03-31,15,,Chase Business Checking Account Fee,Bank Fees,,"TSP, LLC",,,,
,2025-04-02,9,,PaymentTech,Bank Fees,,"TSP, LLC",,,,
,2025-04-04,9.95,,PaymnentTech Monthly Fee,Bank Fees,,"TSP, LLC",,,,
,2025-04-30,15,,Chase Business Checking Account Fee,Bank Fees,,"TSP, LLC",,,,
,2025-04-30,15,,Chase Bank Fee,Bank Fees,,"TSP, LLC",,,,
,2025-05-02,9,,PaymentTech,Bank Fees,,"TSP, LLC",,,,
,2025-05-04,9.95,,PaymnentTech Monthly Fee,Bank Fees,,"TSP, LLC",,,,
,2025-05-30,15,,"Chase Bank Fee, Chase Business account",Bank Fees,,"TSP, LLC",,,,
,2025-05-31,15,,Chase Business Checking Account Fee,Bank Fees,,"TSP, LLC",,,,
,2025-06-04,9.95,,PaymnentTech Monthly Fee,Bank Fees,,"TSP, LLC",,,,
,2025-06-12,9,,PaymentTech,Bank Fees,,"TSP, LLC",,,,
,2025-06-12,15,,Chase Bank Fee,Bank Fees,,"TSP, LLC",,,,
,2025-06-30,15,,Chase Business Checking Account Fee,Bank Fees,,"TSP, LLC",,,,
,2025-07-02,9.95,,PaymentTech,Bank Fees,,"TSP, LLC",,,,
,2025-07-02,15,,Chase Bank Fee,Bank Fees,,"TSP, LLC",,,,
,2025-07-04,9.95,,PaymnentTech Monthly Fee,Bank Fees,,"TSP, LLC",,,,
,2025-07-31,15,,Chase Business Checking Account Fee,Bank Fees,,"TSP, LLC",,,,
,2025-08-04,9.95,,PaymnentTech Monthly Fee,Bank Fees,,"TSP, LLC",,,,
,2025-08-31,15,,Chase Business Checking Account Fee,Bank Fees,,"TSP, LLC",,,,
,2025-09-04,9.95,,PaymnentTech Monthly Fee,Bank Fees,,"TSP, LLC",,,,
,2025-09-30,15,,Chase Business Checking Account Fee,Bank Fees,,"TSP, LLC",,,,
,2025-10-04,9.95,,PaymnentTech Monthly Fee,Bank Fees,,"TSP, LLC",,,,
,2025-10-31,15,,Chase Business Checking Account Fee,Bank Fees,,"TSP, LLC",,,,
,2025-11-04,9.95,,PaymnentTech Monthly Fee,Bank Fees,,"TSP, LLC",,,,
,2025-11-30,15,,Chase Business Checking Account Fee,Bank Fees,,"TSP, LLC",,,,
,2025-12-04,9.95,,PaymnentTech Monthly Fee,Bank Fees,,"TSP, LLC",,,,
,2025-12-31,15,,Chase Business Checking Account Fee,Bank Fees,,"TSP, LLC",,,,
,2026-01-04,9.95,,PaymnentTech Monthly Fee,Bank Fees,,"TSP, LLC",,,,
,2026-01-31,15,,Chase Business Checking Account Fee,Bank Fees,,"TSP, LLC",,,,
,2023-01-01,109.99,,FirstNet,Cellular Service,,"TSP, LLC",,,,
,2023-01-01,74.4,,Cell Phone,Cellular Service,,"TSP, LLC",,,,
,2023-02-01,109.99,,FirstNet,Cellular Service,,"TSP, LLC",,,,
,2023-02-01,74.4,,Cell Phone,Cellular Service,,"TSP, LLC",,,,
,2023-03-01,109.99,,FirstNet,Cellular Service,,"TSP, LLC",,,,
,2023-03-01,74.4,,Cell Phone,Cellular Service,,"TSP, LLC",,,,
,2023-04-01,109.99,,FirstNet,Cellular Service,,"TSP, LLC",,,,
,2023-04-01,74.4,,Cell Phone,Cellular Service,,"TSP, LLC",,,,
,2023-05-01,109.99,,FirstNet,Cellular Service,,"TSP, LLC",,,,
,2023-05-01,74.4,,Cell Phone,Cellular Service,,"TSP, LLC",,,,
,2023-06-01,109.99,,FirstNet,Cellular Service,,"TSP, LLC",,,,
,2023-06-01,74.4,,Cell Phone,Cellular Service,,"TSP, LLC",,,,
,2023-07-01,109.99,,FirstNet,Cellular Service,,"TSP, LLC",,,,
,2023-07-01,74.4,,Cell Phone,Cellular Service,,"TSP, LLC",,,,
,2023-08-01,109.99,,FirstNet,Cellular Service,,"TSP, LLC",,,,
,2023-08-01,74.4,,Cell Phone,Cellular Service,,"TSP, LLC",,,,
,2023-09-01,109.99,,FirstNet,Cellular Service,,"TSP, LLC",,,,
,2023-09-01,74.4,,Cell Phone,Cellular Service,,"TSP, LLC",,,,
,2023-10-01,109.99,,FirstNet,Cellular Service,,"TSP, LLC",,,,
,2023-10-01,74.4,,Cell Phone,Cellular Service,,"TSP, LLC",,,,
,2023-11-01,109.99,,FirstNet,Cellular Service,,"TSP, LLC",,,,
,2023-11-01,74.4,,Cell Phone,Cellular Service,,"TSP, LLC",,,,
,2023-12-01,109.99,,FirstNet,Cellular Service,,"TSP, LLC",,,,
,2023-12-01,74.4,,Cell Phone,Cellular Service,,"TSP, LLC",,,,
,2024-02-15,74.4,,Cell Phone,Cellular Service,,"TSP, LLC",,,,
,2024-03-21,109.99,,FirstNet,Cellular Service,,"TSP, LLC",,,,
,2024-03-21,74.4,,Cell Phone,Cellular Service,,"TSP, LLC",,,,
,2024-04-10,109.99,,FirstNet,Cellular Service,,"TSP, LLC",,,,
,2024-04-10,74.4,,Cell Phone,Cellular Service,,"TSP, LLC",,,,
,2024-05-13,109.99,,FirstNet,Cellular Service,,"TSP, LLC",,,,
,2024-05-13,74.4,,Cell Phone,Cellular Service,,"TSP, LLC",,,,
,2024-06-01,109.99,,FirstNet,Cellular Service,,"TSP, LLC",,,,
,2024-06-01,74.4,,Cell Phone,Cellular Service,,"TSP, LLC",,,,
,2024-07-01,109.99,,FirstNet,Cellular Service,,"TSP, LLC",,,,
,2025-01-18,60.45,,Verizon Cellular,Cellular Service,,"TSP, LLC",,,,
,2025-02-18,60.45,,Verizon Cellular,Cellular Service,,"TSP, LLC",,,,
,2025-03-18,60.45,,Verizon Cellular,Cellular Service,,"TSP, LLC",,,,
,2025-04-18,60.45,,Verizon Cellular,Cellular Service,,"TSP, LLC",,,,
,2025-05-18,60.45,,Verizon Cellular,Cellular Service,,"TSP, LLC",,,,
,2025-06-12,72.94,,Verizon Cellular,Cellular Service,,"TSP, LLC",,,,
,2025-07-02,72.94,,Verizon Cellular,Cellular Service,,"TSP, LLC",,,,
,2025-04-28,750,250105,SkyGuy - 2nd Drone Operator,Contractors,"Sky Guy, LLC",Airborne Images,Charlotte I,,,
,2025-06-30,750,250110,"Skyguy LLC, 2nd Drone for Norwalk",Contractors,"Sky Guy, LLC",Airborne Images,Norwalk,,,
,2025-09-01,750,250114,SkyGuy Pilot for Indy Race,Contractors,"Sky Guy, LLC",Airborne Images,Indy,,,
,2025-10-25,750,250117,Paid SkyGuy Invoice for St Louis,Contractors,"Sky Guy, LLC",Airborne Images,St Louis,,,
,2025-11-29,1150,250119,Vegas II Contractor - SkyGuy,Contractors,"Sky Guy, LLC",Airborne Images,Vegas II,,,
,2023-03-08,575.92,230011,Gainsville - Fatheadz,Drone Services,,Airborne Images,Gainesville,,,
,2023-04-20,1500,230011,Gainesville Invoice,Drone Services,,Airborne Images,Gainesville,,,
,2023-05-15,1500,230014,Vegas Invoice,Drone Services,,Airborne Images,Vegas I,,,
,2023-05-15,1500,230013,Pomona Invoice,Drone Services,,Airborne Images,Pomona I,,,
,2023-05-15,1500,230012,NHRA Invoice for Phoenix,Drone Services,,Airborne Images,Phoenix,,,
,2023-08-15,1500,230015,Norwalk Invoice,Drone Services,,Airborne Images,Norwalk,,,
,2023-08-25,1500,230016,Denver Invoice,Drone Services,,Airborne Images,Denver,,,
,2023-09-01,1500,230017,Seattle Invoice,Drone Services,,Airborne Images,Seattle,,,
,2023-09-05,1548.08,230018,Sonoma Invoice,Drone Services,,Airborne Images,Sonoma,,,
,2023-09-25,1560.19,230019,Brainerd Invoice,Drone Services,,Airborne Images,Brainerd,,,
,2023-10-15,1500,230020,Indy Invoice,Drone Services,,Airborne Images,Indy,,,
,2023-10-27,1624,230022,Charlotte II Invoice,Drone Services,,Airborne Images,Charlotte II,,,
,2023-10-30,1500,230021,Reading Invoice,Drone Services,,Airborne Images,Reading,,,
,2023-11-10,1559.26,230023,St Louis Invoice,Drone Services,,Airborne Images,St Louis,,,
,2023-11-20,1531.7,230024,Dallas Invoice,Drone Services,,Airborne Images,Dallas,,,
,2023-12-10,1531.71,230025,Vegas II Invoice,Drone Services,,Airborne Images,Vegas II,,,
,2023-12-20,1598.06,230026,Pomona II Invoice,Drone Services,,Airborne Images,Pomona II,,,
,2024-04-10,1335.79,240015,Gainsville invoice,Drone Services,,Airborne Images,Gainesville,,,
,2024-04-23,1299.78,240016,Pomona I,Drone Services,,Airborne Images,Pomona I,,,
,2024-05-09,1277.99,240018,Phoenix,Drone Services,,Airborne Images,Phoenix,,,
,2024-05-14,1311.87,240019,Vegas I,Drone Services,,Airborne Images,Vegas I,,,
,2024-06-05,2750,240033,Chicago,Drone Services,,Airborne Images,Chicago,,,
,2024-06-18,2750,240025,Charlotte I,Drone Services,,Airborne Images,Charlotte I,,,
,2024-06-20,325,240302,Veteran Droners - Crown Hill,Drone Services,,Airborne Images,,,,
,2024-07-05,3000,240039,Bristol Invoice,Drone Services,,Airborne Images,Bristol,,,
,2024-07-24,3000,240042,NHRA Virginia,Drone Services,,Airborne Images,Richmond,,,
,2024-08-05,3000,240047,Norwalk Invoice,Drone Services,,Airborne Images,Norwalk,,,
,2024-08-30,3000,240049,Sonoma Invoice,Drone Services,,Airborne Images,Sonoma,,,
,2024-09-20,3000,240051,Brainerd Invoice,Drone Services,,Airborne Images,Brainerd,,,
,2024-10-07,3000,240052,Indy invoice,Drone Services,,Airborne Images,Indy,,,
,2024-10-16,3000,240053,Reading Invoice,Drone Services,,Airborne Images,Reading,,,
,2024-11-04,3000,240054,St Louis,Drone Services,,Airborne Images,St Louis,,,
,2024-11-14,3000,240056,Dallas Invoice,Drone Services,,Airborne Images,Dallas,,,
,2024-11-26,3000,240057,Vegas II Invoice,Drone Services,,Airborne Images,Vegas II,,,
,2024-12-31,3000,240058,Pomona II Invoice,Drone Services,,Airborne Images,Pomona II,,,
,2025-04-24,3250,250102,Phoenix Invoice,Drone Services,,Airborne Images,Phoenix,,,
,2025-04-24,3250,250101,Gainesville Invoice,Drone Services,,Airborne Images,Gainesville,,,
,2025-04-25,3250,250103,Pomona I Invoice,Drone Services,,Airborne Images,Pomona I,,,
,2025-05-16,3250,250104,Vegas I Invoice,Drone Services,,Airborne Images,Vegas I,,,
,2025-06-06,4000,250105,Charlotte I Invoice,Drone Services,,Airborne Images,Charlotte I,,,
,2025-06-21,3250,250106,Chicago Invoice,Drone Services,,Airborne Images,Chicago,,,
,2025-07-01,3250,250107,Epping Invoice Paid,Drone Services,,Airborne Images,Epping,,,
,2025-07-23,3250,250109,Richmond Invoice Paid,Drone Services,,Airborne Images,Richmond,,,
,2025-07-23,3250,250108,Bristol Invoice Paid,Drone Services,,Airborne Images,Bristol,,,
,2025-07-26,4000,250110,Norwalk Invoice Paid,Drone Services,,Airborne Images,Norwalk,,,
,2025-08-16,3250,250111,Seattle Invoice Paid,Drone Services,,Airborne Images,Seattle,,,
,2025-08-24,3250,250112,Sonoma Invoice Paid,Drone Services,,Airborne Images,Sonoma,,,
,2025-09-16,3250,250113,Brainerd Invoice,Drone Services,,Airborne Images,Brainerd,,,
,2025-10-04,4000,250114,Indy Invoice Paid,Drone Services,,Airborne Images,Indy,,,
,2025-10-11,3250,250115,Reading Invoice Paid,Drone Services,,Airborne Images,Reading,,,
,2025-10-18,3250,250116,Charlotte II invoice paid,Drone Services,,Airborne Images,Charlotte II,,,
,2025-10-25,4000,250117,St Louis Invoice Paid,Drone Services,,Airborne Images,St Louis,,,
,2025-11-08,3250,250118,Dallas Invoice Paid,Drone Services,,Airborne Images,Dallas,,,
,2025-11-29,4400,250119,Vegas II Invoice Paid,Drone Services,,Airborne Images,Vegas II,,,
,2025-12-13,3250,250120,Pomona II Invoice paid,Drone Services,,Airborne Images,Pomona II,,,
,2023-01-01,29,,Udemy Training Subscription,Education,,"TSP, LLC",,,,
,2023-02-01,29,,Udemy Training Subscription,Education,,"TSP, LLC",,,,
,2023-03-01,29,,Udemy Training Subscription,Education,,"TSP, LLC",,,,
,2023-03-29,49,,Coursera,Education,,"TSP, LLC",,,,
,2023-04-01,29,,Udemy Training Subscription,Education,,"TSP, LLC",,,,
,2023-04-29,49,,Coursera,Education,,"TSP, LLC",,,,
,2023-05-01,29,,Udemy Training Subscription,Education,,"TSP, LLC",,,,
,2023-05-29,49,,Coursera,Education,,"TSP, LLC",,,,
,2023-06-01,29,,Udemy Training Subscription,Education,,"TSP, LLC",,,,
,2023-06-29,49,,Coursera,Education,,"TSP, LLC",,,,
,2023-07-01,29,,Udemy Training Subscription,Education,,"TSP, LLC",,,,
,2023-07-29,49,,Coursera,Education,,"TSP, LLC",,,,
,2023-08-01,29,,Udemy Training Subscription,Education,,"TSP, LLC",,,,
,2023-08-29,49,,Coursera,Education,,"TSP, LLC",,,,
,2023-09-01,29,,Udemy Training Subscription,Education,,"TSP, LLC",,,,
,2023-09-29,49,,Coursera,Education,,"TSP, LLC",,,,
,2023-10-01,29,,Udemy Training Subscription,Education,,"TSP, LLC",,,,
,2023-10-29,49,,Coursera,Education,,"TSP, LLC",,,,
,2023-11-01,29,,Udemy Training Subscription,Education,,"TSP, LLC",,,,
,2023-11-29,49,,Coursera,Education,,"TSP, LLC",,,,
,2023-12-01,29,,Udemy Training Subscription,Education,,"TSP, LLC",,,,
,2023-12-29,49,,Coursera,Education,,"TSP, LLC",,,,
,2024-01-12,42.79,,LinkedIn,Education,,"TSP, LLC",,,,
,2024-01-30,49,,Coursera,Education,,"TSP, LLC",,,,
,2024-02-12,42.79,,LinkedIn,Education,,"TSP, LLC",,,,
,2024-02-28,49,,Coursera,Education,,"TSP, LLC",,,,
,2024-03-21,29,,Udemy Training Subscription,Education,,"TSP, LLC",,,,
,2024-04-10,29,,Udemy Training Subscription,Education,,"TSP, LLC",,,,
,2024-05-06,54,,Serge Remelle Software Training,Education,,"TSP, LLC",,,,
,2024-05-10,397,,Drone Launch Academy,Education,,"TSP, LLC",,,,
,2024-05-13,29,,Udemy Training Subscription,Education,,"TSP, LLC",,,,
,2024-06-01,29,,Udemy Training Subscription,Education,,"TSP, LLC",,,,
,2024-07-01,29,,Udemy Training Subscription,Education,,"TSP, LLC",,,,
,2024-11-22,29.99,,Udemy Training Subscription,Education,,"TSP, LLC",,,,
,2024-11-22,128,,Computer Speakers/Lights,Equipment: Computer,,"TSP, LLC",,,,
,2023-04-20,250,230011,Drone Purchase,Equipment: Drones,,Airborne Images,Gainesville,,,
,2023-05-15,250,230014,Drone Purchase,Equipment: Drones,,Airborne Images,Vegas I,,,
,2023-05-15,250,230013,Drone Purchase,Equipment: Drones,,Airborne Images,Pomona I,,,
,2023-05-15,250,230012,Drone Purchase,Equipment: Drones,,Airborne Images,Phoenix,,,
,2023-05-29,72.39,,Amazon Order-DJI Controller,Equipment: Drones,,Airborne Images,,,,
,2023-06-18,187.82,,Amazon order -Tent,Equipment: Drones,,Airborne Images,,,,
,2023-07-07,35.36,,DJI Mini 3 Pro Batteries,Equipment: Drones,,Airborne Images,,,,
,2023-08-15,250,230015,Drone Purchase,Equipment: Drones,,Airborne Images,Norwalk,,,
,2023-08-25,250,230016,Drone Purchase,Equipment: Drones,,Airborne Images,Denver,,,
,2023-09-01,250,230017,Drone Purchase,Equipment: Drones,,Airborne Images,Seattle,,,
,2023-09-05,250,230018,Drone Purchase,Equipment: Drones,,Airborne Images,Sonoma,,,
,2023-09-25,250,230019,Drone Purchase,Equipment: Drones,,Airborne Images,Brainerd,,,
,2023-10-15,250,230020,Drone Purchase,Equipment: Drones,,Airborne Images,Indy,,,
,2023-10-27,250,230022,Drone Purchase,Equipment: Drones,,Airborne Images,Charlotte II,,,
,2023-10-30,250,230021,Drone Purchase,Equipment: Drones,,Airborne Images,Reading,,,
,2023-11-10,250,230023,Drone Purchase,Equipment: Drones,,Airborne Images,St Louis,,,
,2024-04-16,1389.93,,Mavic 3 Classic Drone Kit - Roberts,Equipment: Drones,,Airborne Images,,,,
,2024-04-24,1283.99,,DJI Avata 2 Purchase,Equipment: Drones,,Airborne Images,,,,
,2024-05-16,230.54,,DJI RC Pro Controller,Equipment: Drones,,Airborne Images,,,,
,2024-05-30,230.54,,DJI RC Pro Controller,Equipment: Drones,,Airborne Images,,,,
,2024-06-05,123.56,,Harbor Freight - Drone Case,Equipment: Drones,,Airborne Images,,,,
,2024-06-13,230.54,,DJI RC Pro Controller,Equipment: Drones,,Airborne Images,,,,
,2024-06-24,230.54,,DJI RC Pro Controller,Equipment: Drones,,Airborne Images,,,,
,2024-06-25,214.19,,Avata II Controller,Equipment: Drones,,Airborne Images,,,,
,2024-07-29,142.46,,Avata 2 Case,Equipment: Drones,,Airborne Images,,,,
,2025-06-09,74.85,,Canopy replacement,Equipment: Drones,,Airborne Images,,,,
,2025-06-16,1616.45,,Purchased DJI Air 3s Drone,Equipment: Drones,,Airborne Images,,,,
,2025-07-03,5220.16,,Purchase DJI Mavic 4 Pro Creator Kit,Equipment: Drones,,Airborne Images,,,,
,2025-08-22,252.45,,"Drone equip: 3S Charger, M4P Filters",Equipment: Drones,,Airborne Images,,,,
,2025-09-23,80.24,,Apache Case for broadcast,Equipment: Drones,,Airborne Images,,,,
,2022-02-04,128,,Leaseville,Equipment: Office,,"TSP, LLC",,,,
,2023-01-01,99.38,,iPad,Equipment: Office,,"TSP, LLC",,,,
,2023-02-01,82.08,,Samsung Monitor - Affirm,Equipment: Office,,"TSP, LLC",,,,
,2023-02-01,128,,Leaseville,Equipment: Office,,"TSP, LLC",,,,
,2023-02-01,99.38,,iPad,Equipment: Office,,"TSP, LLC",,,,
,2023-03-01,82.08,,Samsung Monitor - Affirm,Equipment: Office,,"TSP, LLC",,,,
,2023-03-01,128,,Leaseville,Equipment: Office,,"TSP, LLC",,,,
,2023-03-01,99.38,,iPad,Equipment: Office,,"TSP, LLC",,,,
,2023-04-01,82.08,,Samsung Monitor - Affirm,Equipment: Office,,"TSP, LLC",,,,
,2023-04-01,128,,Leaseville,Equipment: Office,,"TSP, LLC",,,,
,2023-04-01,99.38,,iPad,Equipment: Office,,"TSP, LLC",,,,
,2023-04-26,128,,Leaseville,Equipment: Office,,"TSP, LLC",,,,
,2023-05-01,82.08,,Samsung Monitor - Affirm,Equipment: Office,,"TSP, LLC",,,,
,2023-05-01,128,,Leaseville,Equipment: Office,,"TSP, LLC",,,,
,2023-05-01,99.38,,iPad,Equipment: Office,,"TSP, LLC",,,,
,2023-05-26,128,,Leaseville,Equipment: Office,,"TSP, LLC",,,,
,2023-06-01,82.08,,Samsung Monitor - Affirm,Equipment: Office,,"TSP, LLC",,,,
,2023-06-01,128,,Leaseville,Equipment: Office,,"TSP, LLC",,,,
,2023-06-01,99.38,,iPad,Equipment: Office,,"TSP, LLC",,,,
,2023-06-24,82.18,,Samsung Monitor - Affirm,Equipment: Office,,"TSP, LLC",,,,
,2023-06-26,128,,Leaseville,Equipment: Office,,"TSP, LLC",,,,
,2023-07-01,82.08,,Samsung Monitor - Affirm,Equipment: Office,,"TSP, LLC",,,,
,2023-07-01,128,,Leaseville,Equipment: Office,,"TSP, LLC",,,,
,2023-07-01,99.38,,iPad,Equipment: Office,,"TSP, LLC",,,,
,2023-07-24,82.18,,Samsung Monitor - Affirm,Equipment: Office,,"TSP, LLC",,,,
,2023-07-26,128,,Leaseville,Equipment: Office,,"TSP, LLC",,,,
,2023-08-01,82.08,,Samsung Monitor - Affirm,Equipment: Office,,"TSP, LLC",,,,
,2023-08-01,128,,Leaseville,Equipment: Office,,"TSP, LLC",,,,
,2023-08-01,99.38,,iPad,Equipment: Office,,"TSP, LLC",,,,
,2023-08-24,82.18,,Samsung Monitor - Affirm,Equipment: Office,,"TSP, LLC",,,,
,2023-08-26,128,,Leaseville,Equipment: Office,,"TSP, LLC",,,,
,2023-09-01,82.08,,Samsung Monitor - Affirm,Equipment: Office,,"TSP, LLC",,,,
,2023-09-01,128,,Leaseville,Equipment: Office,,"TSP, LLC",,,,
,2023-09-01,99.38,,iPad,Equipment: Office,,"TSP, LLC",,,,
,2023-09-24,82.18,,Samsung Monitor - Affirm,Equipment: Office,,"TSP, LLC",,,,
,2023-09-26,128,,Leaseville,Equipment: Office,,"TSP, LLC",,,,
,2023-10-01,82.08,,Samsung Monitor - Affirm,Equipment: Office,,"TSP, LLC",,,,
,2023-10-01,128,,Leaseville,Equipment: Office,,"TSP, LLC",,,,
,2023-10-01,99.38,,iPad,Equipment: Office,,"TSP, LLC",,,,
,2023-10-02,82.08,,Samsung Monitor - Affirm,Equipment: Office,,"TSP, LLC",,,,
,2023-10-24,82.18,,Samsung Monitor - Affirm,Equipment: Office,,"TSP, LLC",,,,
,2023-10-26,128,,Leaseville,Equipment: Office,,"TSP, LLC",,,,
,2023-11-01,82.08,,Samsung Monitor - Affirm,Equipment: Office,,"TSP, LLC",,,,
,2023-11-01,128,,Leaseville,Equipment: Office,,"TSP, LLC",,,,
,2023-11-01,99.38,,iPad,Equipment: Office,,"TSP, LLC",,,,
,2023-11-24,82.18,,Samsung Monitor - Affirm,Equipment: Office,,"TSP, LLC",,,,
,2023-11-26,128,,Leaseville,Equipment: Office,,"TSP, LLC",,,,
,2023-12-01,82.08,,Samsung Monitor - Affirm,Equipment: Office,,"TSP, LLC",,,,
,2023-12-01,128,,Leaseville,Equipment: Office,,"TSP, LLC",,,,
,2023-12-01,99.38,,iPad,Equipment: Office,,"TSP, LLC",,,,
,2023-12-24,82.18,,Samsung Monitor - Affirm,Equipment: Office,,"TSP, LLC",,,,
,2023-12-26,128,,Leaseville,Equipment: Office,,"TSP, LLC",,,,
,2024-01-09,128,,Leaseville,Equipment: Office,,"TSP, LLC",,,,
,2024-01-24,82.18,,Samsung Monitor - Affirm,Equipment: Office,,"TSP, LLC",,,,
,2024-02-09,128,,Leaseville,Equipment: Office,,"TSP, LLC",,,,
,2024-02-15,99.38,,iPad,Equipment: Office,,"TSP, LLC",,,,
,2024-02-24,82.18,,Samsung Monitor - Affirm,Equipment: Office,,"TSP, LLC",,,,
,2024-03-21,82.08,,Samsung Monitor - Affirm,Equipment: Office,,"TSP, LLC",,,,
,2024-03-21,128,,Leaseville,Equipment: Office,,"TSP, LLC",,,,
,2024-04-10,82.08,,Samsung Monitor - Affirm,Equipment: Office,,"TSP, LLC",,,,
,2024-04-10,128,,Leaseville,Equipment: Office,,"TSP, LLC",,,,
,2024-04-10,99.38,,iPad,Equipment: Office,,"TSP, LLC",,,,
,2024-05-13,82.08,,Samsung Monitor - Affirm,Equipment: Office,,"TSP, LLC",,,,
,2024-05-13,128,,Leaseville,Equipment: Office,,"TSP, LLC",,,,
,2024-05-13,99.38,,iPad,Equipment: Office,,"TSP, LLC",,,,
,2024-06-01,82.08,,Samsung Monitor - Affirm,Equipment: Office,,"TSP, LLC",,,,
,2024-06-01,128,,Leaseville,Equipment: Office,,"TSP, LLC",,,,
,2024-06-01,99.38,,iPad,Equipment: Office,,"TSP, LLC",,,,
,2024-07-01,82.08,,Samsung Monitor - Affirm,Equipment: Office,,"TSP, LLC",,,,
,2024-07-01,99.38,,iPad,Equipment: Office,,"TSP, LLC",,,,
,2024-09-26,166.92,,Luggage,Equipment: Office,,"TSP, LLC",,,,
,2024-09-30,267.49,,OWC Enclosure 2,Equipment: Office,,"TSP, LLC",,,,
,2024-11-22,82.18,,Samsung Monitor - Affirm,Equipment: Office,,"TSP, LLC",,,,
,2024-11-22,99.38,,FirstNet iPad Purchase,Equipment: Office,,"TSP, LLC",,,,
,2024-11-22,109,,FirstNet Cellular Service,Equipment: Office,,"TSP, LLC",,,,
,2024-11-22,17,,FirstNet Cellular Service,Equipment: Office,,"TSP, LLC",,,,
,2024-11-22,74.4,,FirstNet Cell Phone Purchase,Equipment: Office,,"TSP, LLC",,,,
,2024-11-26,763.47,,Samsung Monitor - Affirm,Equipment: Office,,"TSP, LLC",,,,
,2024-12-10,17,,FirstNet Cellular Service,Equipment: Office,,"TSP, LLC",,,,
,2025-01-18,44.24,,Verizon iPad,Equipment: Office,,"TSP, LLC",,,,
,2025-01-25,99.38,,Verizon iPad,Equipment: Office,,"TSP, LLC",,,,
,2025-01-25,17,,FirstNet Cellular Service,Equipment: Office,,"TSP, LLC",,,,
,2025-02-02,99.38,,Verizon iPad,Equipment: Office,,"TSP, LLC",,,,
,2025-02-02,55,,FirstNet Cellular Service,Equipment: Office,,"TSP, LLC",,,,
,2025-02-06,99.38,,Verizon iPad,Equipment: Office,,"TSP, LLC",,,,
,2025-02-18,44.24,,Verizon iPad,Equipment: Office,,"TSP, LLC",,,,
,2025-03-18,44.24,,Verizon iPad,Equipment: Office,,"TSP, LLC",,,,
,2025-04-18,44.24,,Verizon iPad,Equipment: Office,,"TSP, LLC",,,,
,2025-05-18,44.24,,Verizon iPad,Equipment: Office,,"TSP, LLC",,,,
,2025-06-12,74.24,,Verizon iPad,Equipment: Office,,"TSP, LLC",,,,
,2025-06-20,96.42,,Table for Drone Operations,Equipment: Office,,"TSP, LLC",,,,
,2025-07-02,74.24,,Verizon iPad,Equipment: Office,,"TSP, LLC",,,,
,2024-04-16,74.85,,Camera Neck Strap - Roberts,Equipment: Photography,,Tom Stout Photography,,,,
,2024-06-03,199,,Canon 16mm Lens,Equipment: Photography,,Tom Stout Photography,,,,
,2024-11-22,284.2,,Affirm - Canon R5 Purchase,Equipment: Photography,,Tom Stout Photography,,,,
,2024-11-22,284.2,,Affirm - Canon R5 Purchase,Equipment: Photography,,Tom Stout Photography,,,,
,2024-11-22,284.2,,Affirm - Canon R5 Purchase,Equipment: Photography,,Tom Stout Photography,,,,
,2024-11-22,284.2,,Affirm - Canon R5 Purchase,Equipment: Photography,,Tom Stout Photography,,,,
,2024-11-26,1323.76,,Canon EOS R5,Equipment: Photography,,Tom Stout Photography,,,,
,2023-05-30,156,,Aviation Insurance,Insurance: Aviation ,,Airborne Images,,,,
,2023-06-26,248,,Aviation Insurance,Insurance: Aviation ,,Airborne Images,,,,
,2023-07-30,156,,Aviation Insurance,Insurance: Aviation ,,Airborne Images,,,,
,2023-08-30,156,,Aviation Insurance,Insurance: Aviation ,,Airborne Images,,,,
,2023-09-30,156,,Aviation Insurance,Insurance: Aviation ,,Airborne Images,,,,
,2023-10-30,156,,Aviation Insurance,Insurance: Aviation ,,Airborne Images,,,,
,2023-11-30,156,,Aviation Insurance,Insurance: Aviation ,,Airborne Images,,,,
,2023-12-30,156,,Aviation Insurance,Insurance: Aviation ,,Airborne Images,,,,
,2023-03-01,176.84,,The Hartford,Insurance: Business,,"TSP, LLC",,,,
,2023-04-01,176.84,,The Hartford,Insurance: Business,,"TSP, LLC",,,,
,2023-05-01,176.84,,The Hartford,Insurance: Business,,"TSP, LLC",,,,
,2023-05-30,144.86,,The Hartford Insurance,Insurance: Business,,"TSP, LLC",,,,
,2023-06-01,176.84,,The Hartford,Insurance: Business,,"TSP, LLC",,,,
,2023-06-30,295.26,,The Hartford Insurance,Insurance: Business,,"TSP, LLC",,,,
,2023-07-01,176.84,,The Hartford,Insurance: Business,,"TSP, LLC",,,,
,2023-07-30,144.86,,The Hartford Insurance,Insurance: Business,,"TSP, LLC",,,,
,2023-08-01,176.84,,The Hartford,Insurance: Business,,"TSP, LLC",,,,
,2023-08-30,144.86,,The Hartford Insurance,Insurance: Business,,"TSP, LLC",,,,
,2023-09-01,176.84,,The Hartford,Insurance: Business,,"TSP, LLC",,,,
,2023-09-30,144.86,,The Hartford Insurance,Insurance: Business,,"TSP, LLC",,,,
,2023-10-01,176.84,,The Hartford,Insurance: Business,,"TSP, LLC",,,,
,2023-10-30,144.86,,The Hartford Insurance,Insurance: Business,,"TSP, LLC",,,,
,2023-11-01,176.84,,The Hartford,Insurance: Business,,"TSP, LLC",,,,
,2023-11-30,144.86,,The Hartford Insurance,Insurance: Business,,"TSP, LLC",,,,
,2023-12-01,176.84,,The Hartford,Insurance: Business,,"TSP, LLC",,,,
,2023-12-30,144.86,,The Hartford Insurance,Insurance: Business,,"TSP, LLC",,,,
,2024-01-30,144.86,,The Hartford Insurance,Insurance: Business,,"TSP, LLC",,,,
,2024-02-28,144.86,,The Hartford Insurance,Insurance: Business,,"TSP, LLC",,,,
,2024-03-21,161.36,,The Hartford,Insurance: Business,,"TSP, LLC",,,,
,2024-04-10,143.61,,The Hartford,Insurance: Business,,"TSP, LLC",,,,
,2024-05-09,143.61,,The Hartford,Insurance: Business,,"TSP, LLC",,,,
,2024-06-01,143.61,,The Hartford,Insurance: Business,,"TSP, LLC",,,,
,2024-07-01,146.31,,The Hartford,Insurance: Business,,"TSP, LLC",,,,
,2024-07-30,143.53,,The Hartford Business Insurance,Insurance: Business,,"TSP, LLC",,,,
,2024-08-30,143.53,,The Hartford Business Insurance,Insurance: Business,,"TSP, LLC",,,,
,2024-09-30,143.53,,The Hartford Business Insurance,Insurance: Business,,"TSP, LLC",,,,
,2024-11-22,144.29,,Business Insurance,Insurance: Business,,"TSP, LLC",,,,
,2024-12-10,144.29,,Business Insurance,Insurance: Business,,"TSP, LLC",,,,
,2025-01-30,143.53,,The Hartford Business Insurance,Insurance: Business,,"TSP, LLC",,,,
,2025-02-28,143.53,,The Hartford Business Insurance,Insurance: Business,,"TSP, LLC",,,,
,2025-03-30,143.53,,The Hartford Business Insurance,Insurance: Business,,"TSP, LLC",,,,
,2025-04-30,143.53,,The Hartford Business Insurance,Insurance: Business,,"TSP, LLC",,,,
,2025-05-30,143.53,,The Hartford Business Insurance,Insurance: Business,,"TSP, LLC",,,,
,2025-06-30,143.53,,The Hartford Business Insurance,Insurance: Business,,"TSP, LLC",,,,
,2025-07-30,143.53,,The Hartford Business Insurance,Insurance: Business,,"TSP, LLC",,,,
,2025-08-30,143.53,,The Hartford Business Insurance,Insurance: Business,,"TSP, LLC",,,,
,2025-09-30,143.53,,The Hartford Business Insurance,Insurance: Business,,"TSP, LLC",,,,
,2025-10-30,143.53,,The Hartford Business Insurance,Insurance: Business,,"TSP, LLC",,,,
,2025-11-30,143.53,,The Hartford Business Insurance,Insurance: Business,,"TSP, LLC",,,,
,2025-12-30,143.53,,The Hartford Business Insurance,Insurance: Business,,"TSP, LLC",,,,
,2026-01-30,143.53,,The Hartford Business Insurance,Insurance: Business,,"TSP, LLC",,,,
,2024-07-15,5,,Starlink Mini subscription,Internet,,Airborne Images,,,,
,2024-08-15,5,,Starlink Mini subscription,Internet,,Airborne Images,,,,
,2024-09-15,5,,Starlink Mini subscription,Internet,,Airborne Images,,,,
,2025-01-15,50,,Starlink Mini subscription,Internet,,Airborne Images,,,,
,2025-02-15,50,,Starlink Mini subscription,Internet,,Airborne Images,,,,
,2025-03-15,50,,Starlink Mini subscription,Internet,,Airborne Images,,,,
,2025-04-15,50,,Starlink Mini subscription,Internet,,Airborne Images,,,,
,2025-05-15,50,,Starlink Mini subscription,Internet,,Airborne Images,,,,
,2025-06-12,50,,Starlink Mini subscription,Internet,,Airborne Images,,,,
,2025-06-15,50,,Starlink Mini subscription,Internet,,Airborne Images,,,,
,2025-07-02,50,,Starlink Mini subscription,Internet,,Airborne Images,,,,
,2025-07-15,50,,Starlink Mini subscription,Internet,,Airborne Images,,,,
,2025-08-15,50,,Starlink Mini subscription,Internet,,Airborne Images,,,,
,2025-09-15,50,,Starlink Mini subscription,Internet,,Airborne Images,,,,
,2025-10-15,50,,Starlink Mini subscription,Internet,,Airborne Images,,,,
,2025-11-15,50,,Starlink Mini subscription,Internet,,Airborne Images,,,,
,2025-12-15,5,,Starlink Mini subscription,Internet,,Airborne Images,,,,
,2026-01-15,5,,Starlink Mini subscription,Internet,,Airborne Images,,,,
,2024-02-05,5,,FAA Drone Registration,Licensing & Fees,,Airborne Images,,,,
,2024-05-16,5,,Drone Registration,Licensing & Fees,,Airborne Images,,,,
,2025-08-04,25,250113,Minnesota DOT Aircraft Registration,Licensing & Fees,,Airborne Images,Brainerd,,,
,2022-03-08,1400,,Fatheadz Pay,Photography Services,,Tom Stout Photography,,,,
,2022-03-08,1400,,Fatheadz Pay,Photography Services,,Tom Stout Photography,,,,
,2022-05-19,2073.98,,Fatheadz Pay,Photography Services,,Tom Stout Photography,,,,
,2022-07-27,469.94,,Fatheadz Pay,Photography Services,,Tom Stout Photography,,,,
,2024-03-07,400,,DRE Portraits,Photography Services,,Tom Stout Photography,,,,
,2024-04-18,500,,Wedding Deposit - Drinkwater,Photography Services,,Tom Stout Photography,,,,
,2024-04-18,14.8,,Drinkwater Wedding,Photography Services,,Tom Stout Photography,,,,
,2024-05-09,175,,Senior Portraits - Langemeier,Photography Services,,Tom Stout Photography,,,,
,2025-10-05,350,,Rachel McIntosh Portraits,Photography Services,,Tom Stout Photography,,,,
,2025-06-25,121.98,250110,Controller Rental for Norwalk,Rental: Drone Equipment,,Airborne Images,Norwalk,,,
,2024-05-08,315,,Mavic 3 Repair,Repairs: Drone Equipment,,Airborne Images,,,,
,2024-05-16,239,,DJI Care Refresh for Mavic 3 Pro,Repairs: Drone Equipment,,Airborne Images,,,,
,2024-09-25,81.05,,DJI Controller Repair - HDMI Port,Repairs: Drone Equipment,,Airborne Images,,,,
,2025-06-04,1200,,Sold DJI Mavic 3 Classic Drone,Sale of Property: Drones,,Airborne Images,,,,
,2025-06-10,600,,Sold DJI RC Pro Controller,Sale of Property: Drones,,Airborne Images,,,,
,2025-07-07,2200,,Sold Mavic 3 Pro: 1581F67Q72497M04W1D4,Sale of Property: Drones,,Airborne Images,,,,
,2023-01-01,13.36,,Microsoft 365,Software,,"TSP, LLC",,,,
,2023-01-01,9.99,,Apple iCloud,Software,,"TSP, LLC",,,,
,2023-01-01,29.99,,Adobe CC,Software,,"TSP, LLC",,,,
,2023-01-12,13.38,,Office 365,Software,,"TSP, LLC",,,,
,2023-01-16,13.36,,Paddle.net,Software,,"TSP, LLC",,,,
,2023-01-20,9.99,,Apple iCloud,Software,,"TSP, LLC",,,,
,2023-02-01,13.36,,Microsoft 365,Software,,"TSP, LLC",,,,
,2023-02-01,9.99,,Apple iCloud,Software,,"TSP, LLC",,,,
,2023-02-01,29.99,,Adobe CC,Software,,"TSP, LLC",,,,
,2023-02-14,13.38,,Office 365,Software,,"TSP, LLC",,,,
,2023-02-16,13.36,,Paddle.net,Software,,"TSP, LLC",,,,
,2023-02-20,9.99,,Apple iCloud,Software,,"TSP, LLC",,,,
,2023-03-01,13.36,,Microsoft 365,Software,,"TSP, LLC",,,,
,2023-03-01,9.99,,Apple iCloud,Software,,"TSP, LLC",,,,
,2023-03-01,29.99,,Adobe CC,Software,,"TSP, LLC",,,,
,2023-03-14,13.38,,Office 365,Software,,"TSP, LLC",,,,
,2023-03-16,13.36,,Paddle.net,Software,,"TSP, LLC",,,,
,2023-03-20,9.99,,Apple iCloud,Software,,"TSP, LLC",,,,
,2023-04-01,13.36,,Microsoft 365,Software,,"TSP, LLC",,,,
,2023-04-01,9.99,,Apple iCloud,Software,,"TSP, LLC",,,,
,2023-04-01,29.99,,Adobe CC,Software,,"TSP, LLC",,,,
,2023-04-14,13.38,,Office 365,Software,,"TSP, LLC",,,,
,2023-04-16,13.36,,Paddle.net,Software,,"TSP, LLC",,,,
,2023-04-20,9.99,,Apple iCloud,Software,,"TSP, LLC",,,,
,2023-05-01,13.36,,Microsoft 365,Software,,"TSP, LLC",,,,
,2023-05-01,9.99,,Apple iCloud,Software,,"TSP, LLC",,,,
,2023-05-01,29.99,,Adobe CC,Software,,"TSP, LLC",,,,
,2023-05-14,13.38,,Office 365,Software,,"TSP, LLC",,,,
,2023-05-16,13.36,,Paddle.net,Software,,"TSP, LLC",,,,
,2023-05-20,9.99,,Apple iCloud,Software,,"TSP, LLC",,,,
,2023-06-01,13.36,,Microsoft 365,Software,,"TSP, LLC",,,,
,2023-06-01,9.99,,Apple iCloud,Software,,"TSP, LLC",,,,
,2023-06-01,29.99,,Adobe CC,Software,,"TSP, LLC",,,,
,2023-06-14,13.38,,Office 365,Software,,"TSP, LLC",,,,
,2023-06-16,13.36,,Paddle.net,Software,,"TSP, LLC",,,,
,2023-06-20,9.99,,Apple iCloud,Software,,"TSP, LLC",,,,
,2023-07-01,13.36,,Microsoft 365,Software,,"TSP, LLC",,,,
,2023-07-01,9.99,,Apple iCloud,Software,,"TSP, LLC",,,,
,2023-07-01,29.99,,Adobe CC,Software,,"TSP, LLC",,,,
,2023-07-14,13.38,,Office 365,Software,,"TSP, LLC",,,,
,2023-07-16,13.36,,Paddle.net,Software,,"TSP, LLC",,,,
,2023-07-20,9.99,,Apple iCloud,Software,,"TSP, LLC",,,,
,2023-08-01,13.36,,Microsoft 365,Software,,"TSP, LLC",,,,
,2023-08-01,9.99,,Apple iCloud,Software,,"TSP, LLC",,,,
,2023-08-01,29.99,,Adobe CC,Software,,"TSP, LLC",,,,
,2023-08-14,13.38,,Office 365,Software,,"TSP, LLC",,,,
,2023-08-16,13.36,,Paddle.net,Software,,"TSP, LLC",,,,
,2023-08-20,9.99,,Apple iCloud,Software,,"TSP, LLC",,,,
,2023-09-01,13.36,,Microsoft 365,Software,,"TSP, LLC",,,,
,2023-09-01,9.99,,Apple iCloud,Software,,"TSP, LLC",,,,
,2023-09-01,29.99,,Adobe CC,Software,,"TSP, LLC",,,,
,2023-09-14,13.38,,Office 365,Software,,"TSP, LLC",,,,
,2023-09-16,13.36,,Paddle.net,Software,,"TSP, LLC",,,,
,2023-09-20,9.99,,Apple iCloud,Software,,"TSP, LLC",,,,
,2023-10-01,13.36,,Microsoft 365,Software,,"TSP, LLC",,,,
,2023-10-01,9.99,,Apple iCloud,Software,,"TSP, LLC",,,,
,2023-10-01,29.99,,Adobe CC,Software,,"TSP, LLC",,,,
,2023-10-14,13.38,,Office 365,Software,,"TSP, LLC",,,,
,2023-10-16,13.36,,Paddle.net,Software,,"TSP, LLC",,,,
,2023-10-20,9.99,,Apple iCloud,Software,,"TSP, LLC",,,,
,2023-11-01,13.36,,Microsoft 365,Software,,"TSP, LLC",,,,
,2023-11-01,9.99,,Apple iCloud,Software,,"TSP, LLC",,,,
,2023-11-01,29.99,,Adobe CC,Software,,"TSP, LLC",,,,
,2023-11-14,13.38,,Office 365,Software,,"TSP, LLC",,,,
,2023-11-16,13.36,,Paddle.net,Software,,"TSP, LLC",,,,
,2023-11-20,9.99,,Apple iCloud,Software,,"TSP, LLC",,,,
,2023-12-01,13.36,,Microsoft 365,Software,,"TSP, LLC",,,,
,2023-12-01,9.99,,Apple iCloud,Software,,"TSP, LLC",,,,
,2023-12-01,29.99,,Adobe CC,Software,,"TSP, LLC",,,,
,2023-12-14,13.38,,Office 365,Software,,"TSP, LLC",,,,
,2023-12-16,13.36,,Paddle.net,Software,,"TSP, LLC",,,,
,2023-12-20,9.99,,Apple iCloud,Software,,"TSP, LLC",,,,
,2024-01-12,13.38,,Office 365,Software,,"TSP, LLC",,,,
,2024-01-12,9.99,,Apple iCloud,Software,,"TSP, LLC",,,,
,2024-01-22,13.36,,Paddle.Net,Software,,"TSP, LLC",,,,
,2024-02-05,5,,Gumroad Software,Software,,"TSP, LLC",,,,
,2024-02-12,13.38,,Office 365,Software,,"TSP, LLC",,,,
,2024-02-12,9.99,,Apple iCloud,Software,,"TSP, LLC",,,,
,2024-02-22,13.36,,Paddle.Net,Software,,"TSP, LLC",,,,
,2024-03-21,13.36,,Microsoft 365,Software,,"TSP, LLC",,,,
,2024-03-21,9.99,,Apple iCloud,Software,,"TSP, LLC",,,,
,2024-03-21,29.99,,Adobe CC,Software,,"TSP, LLC",,,,
,2024-04-10,13.36,,Microsoft 365,Software,,"TSP, LLC",,,,
,2024-04-10,9.99,,Apple iCloud,Software,,"TSP, LLC",,,,
,2024-04-10,29.99,,Adobe CC,Software,,"TSP, LLC",,,,
,2024-05-04,54,,PS & LR Editing software,Software,,"TSP, LLC",,,,
,2024-05-13,13.36,,Microsoft 365,Software,,"TSP, LLC",,,,
,2024-05-13,9.99,,Apple iCloud,Software,,"TSP, LLC",,,,
,2024-05-13,29.99,,Adobe CC,Software,,"TSP, LLC",,,,
,2024-06-01,13.36,,Microsoft 365,Software,,"TSP, LLC",,,,
,2024-06-01,9.99,,Apple iCloud,Software,,"TSP, LLC",,,,
,2024-06-01,29.99,,Adobe CC,Software,,"TSP, LLC",,,,
,2024-07-01,13.36,,Microsoft 365,Software,,"TSP, LLC",,,,
,2024-07-01,9.99,,Apple iCloud,Software,,"TSP, LLC",,,,
,2024-07-01,29.99,,Adobe CC,Software,,"TSP, LLC",,,,
,2024-07-01,8.08,,Google for Business Subscription,Software,,"TSP, LLC",,,,
,2024-07-05,13.38,,Microsoft 365 Subscription,Software,,"TSP, LLC",,,,
,2024-07-07,16.77,,Heroku Hosting,Software,,"TSP, LLC",,,,
,2024-07-20,64.19,,Adobe Application subscription,Software,,"TSP, LLC",,,,
,2024-07-22,14.99,,AirData.com subscription,Software,,Airborne Images,,,,
,2024-07-30,29.99,,Adobe Stock Subscription,Software,,"TSP, LLC",,,,
,2024-08-01,8.08,,Google for Business Subscription,Software,,"TSP, LLC",,,,
,2024-08-05,13.38,,Microsoft 365 Subscription,Software,,"TSP, LLC",,,,
,2024-08-07,16.77,,Heroku Hosting,Software,,"TSP, LLC",,,,
,2024-08-20,64.19,,Adobe Application subscription,Software,,"TSP, LLC",,,,
,2024-08-22,14.99,,AirData.com subscription,Software,,Airborne Images,,,,
,2024-08-30,29.99,,Adobe Stock Subscription,Software,,"TSP, LLC",,,,
,2024-09-01,8.08,,Google for Business Subscription,Software,,"TSP, LLC",,,,
,2024-09-05,13.38,,Microsoft 365 Subscription,Software,,"TSP, LLC",,,,
,2024-09-07,16.77,,Heroku Hosting,Software,,"TSP, LLC",,,,
,2024-09-20,64.19,,Adobe Application subscription,Software,,"TSP, LLC",,,,
,2024-09-22,14.99,,AirData.com subscription,Software,,Airborne Images,,,,
,2024-09-30,29.99,,Adobe Stock Subscription,Software,,"TSP, LLC",,,,
,2024-11-22,21.39,,Paddle.com Subscription,Software,,"TSP, LLC",,,,
,2024-11-22,13.36,,Microsoft 365 Subscription,Software,,"TSP, LLC",,,,
,2024-11-22,9.99,,Apple iCloud,Software,,"TSP, LLC",,,,
,2024-11-22,29.99,,Adobe CC,Software,,"TSP, LLC",,,,
,2024-12-06,13.36,,Microsoft 365 Subscription,Software,,"TSP, LLC",,,,
,2024-12-06,9.99,,Apple iCloud,Software,,"TSP, LLC",,,,
,2024-12-18,29.99,,Adobe CC,Software,,"TSP, LLC",,,,
,2024-12-20,21.39,,Paddle.com Subscription,Software,,"TSP, LLC",,,,
,2024-12-23,25.16,,Google Suite,Software,,"TSP, LLC",,,,
,2025-01-01,8.08,,Google for Business Subscription,Software,,"TSP, LLC",,,,
,2025-01-02,2.55,,Google Suite,Software,,"TSP, LLC",,,,
,2025-01-05,13.38,,Microsoft 365 Subscription,Software,,"TSP, LLC",,,,
,2025-01-06,9.99,,Apple iCloud,Software,,"TSP, LLC",,,,
,2025-01-07,13.38,,Microsoft 365,Software,,"TSP, LLC",,,,
,2025-01-07,16.77,,Heroku Hosting,Software,,"TSP, LLC",,,,
,2025-01-08,6,,AWS - Database,Software,,"TSP, LLC",,,,
,2025-01-20,16.04,,Paddle.com,Software,,"TSP, LLC",,,,
,2025-01-20,64.19,,Adobe Application subscription,Software,,"TSP, LLC",,,,
,2025-01-21,32.09,,Adobe CC,Software,,"TSP, LLC",,,,
,2025-01-22,14.99,,AirData.com subscription,Software,,Airborne Images,,,,
,2025-01-25,21.39,,Paddle.com Subscription,Software,,"TSP, LLC",,,,
,2025-01-25,13.36,,Microsoft 365 Subscription,Software,,"TSP, LLC",,,,
,2025-01-25,9.99,,Apple iCloud,Software,,"TSP, LLC",,,,
,2025-01-25,29.99,,Adobe CC,Software,,"TSP, LLC",,,,
,2025-01-30,29.99,,Adobe Stock Subscription,Software,,"TSP, LLC",,,,
,2025-02-01,8.08,,Google for Business Subscription,Software,,"TSP, LLC",,,,
,2025-02-02,21.39,,Paddle.com Subscription,Software,,"TSP, LLC",,,,
,2025-02-02,13.36,,Microsoft 365 Subscription,Software,,"TSP, LLC",,,,
,2025-02-02,2.55,,Google Suite,Software,,"TSP, LLC",,,,
,2025-02-02,9.99,,Apple iCloud,Software,,"TSP, LLC",,,,
,2025-02-02,29.99,,Adobe CC,Software,,"TSP, LLC",,,,
,2025-02-03,13.36,,Microsoft 365 Subscription,Software,,"TSP, LLC",,,,
,2025-02-04,9.99,,Apple iCloud,Software,,"TSP, LLC",,,,
,2025-02-05,29.99,,Adobe CC,Software,,"TSP, LLC",,,,
,2025-02-05,13.38,,Microsoft 365 Subscription,Software,,"TSP, LLC",,,,
,2025-02-06,9.99,,Apple iCloud,Software,,"TSP, LLC",,,,
,2025-02-07,21.39,,Paddle.com Subscription,Software,,"TSP, LLC",,,,
,2025-02-07,13.38,,Microsoft 365,Software,,"TSP, LLC",,,,
,2025-02-07,16.77,,Heroku Hosting,Software,,"TSP, LLC",,,,
,2025-02-08,6,,AWS - Database,Software,,"TSP, LLC",,,,
,2025-02-20,16.04,,Paddle.com,Software,,"TSP, LLC",,,,
,2025-02-20,64.19,,Adobe Application subscription,Software,,"TSP, LLC",,,,
,2025-02-21,32.09,,Adobe CC,Software,,"TSP, LLC",,,,
,2025-02-22,14.99,,AirData.com subscription,Software,,Airborne Images,,,,
,2025-02-28,29.99,,Adobe Stock Subscription,Software,,"TSP, LLC",,,,
,2025-03-01,8.08,,Google for Business Subscription,Software,,"TSP, LLC",,,,
,2025-03-02,2.55,,Google Suite,Software,,"TSP, LLC",,,,
,2025-03-05,13.38,,Microsoft 365 Subscription,Software,,"TSP, LLC",,,,
,2025-03-06,9.99,,Apple iCloud,Software,,"TSP, LLC",,,,
,2025-03-07,13.38,,Microsoft 365,Software,,"TSP, LLC",,,,
,2025-03-07,16.77,,Heroku Hosting,Software,,"TSP, LLC",,,,
,2025-03-08,6,,AWS - Database,Software,,"TSP, LLC",,,,
,2025-03-20,16.04,,Paddle.com,Software,,"TSP, LLC",,,,
,2025-03-20,64.19,,Adobe Application subscription,Software,,"TSP, LLC",,,,
,2025-03-21,32.09,,Adobe CC,Software,,"TSP, LLC",,,,
,2025-03-22,14.99,,AirData.com subscription,Software,,Airborne Images,,,,
,2025-03-30,29.99,,Adobe Stock Subscription,Software,,"TSP, LLC",,,,
,2025-04-01,8.08,,Google for Business Subscription,Software,,"TSP, LLC",,,,
,2025-04-02,2.55,,Google Suite,Software,,"TSP, LLC",,,,
,2025-04-05,13.38,,Microsoft 365 Subscription,Software,,"TSP, LLC",,,,
,2025-04-06,9.99,,Apple iCloud,Software,,"TSP, LLC",,,,
,2025-04-07,13.38,,Microsoft 365,Software,,"TSP, LLC",,,,
,2025-04-07,16.77,,Heroku Hosting,Software,,"TSP, LLC",,,,
,2025-04-08,6,,AWS - Database,Software,,"TSP, LLC",,,,
,2025-04-20,16.04,,Paddle.com,Software,,"TSP, LLC",,,,
,2025-04-20,64.19,,Adobe Application subscription,Software,,"TSP, LLC",,,,
,2025-04-21,32.09,,Adobe CC,Software,,"TSP, LLC",,,,
,2025-04-22,14.99,,AirData.com subscription,Software,,Airborne Images,,,,
,2025-04-30,29.99,,Adobe Stock Subscription,Software,,"TSP, LLC",,,,
,2025-05-01,8.08,,Google for Business Subscription,Software,,"TSP, LLC",,,,
,2025-05-02,2.55,,Google Suite,Software,,"TSP, LLC",,,,
,2025-05-05,13.38,,Microsoft 365 Subscription,Software,,"TSP, LLC",,,,
,2025-05-06,9.99,,Apple iCloud,Software,,"TSP, LLC",,,,
,2025-05-07,13.38,,Microsoft 365,Software,,"TSP, LLC",,,,
,2025-05-07,16.77,,Heroku Hosting,Software,,"TSP, LLC",,,,
,2025-05-08,6,,AWS - Database,Software,,"TSP, LLC",,,,
,2025-05-20,16.04,,Paddle.com,Software,,"TSP, LLC",,,,
,2025-05-20,64.19,,Adobe Application subscription,Software,,"TSP, LLC",,,,
,2025-05-21,32.09,,Adobe CC,Software,,"TSP, LLC",,,,
,2025-05-22,14.99,,AirData.com subscription,Software,,Airborne Images,,,,
,2025-05-30,29.99,,Adobe Stock Subscription,Software,,"TSP, LLC",,,,
,2025-06-01,8.08,,Google for Business Subscription,Software,,"TSP, LLC",,,,
,2025-06-05,13.38,,Microsoft 365 Subscription,Software,,"TSP, LLC",,,,
,2025-06-07,16.77,,Heroku Hosting,Software,,"TSP, LLC",,,,
,2025-06-10,26.74,,Carbon Copy Cloner Software,Software,,"TSP, LLC",,,,
,2025-06-12,16.04,,Paddle.com,Software,,"TSP, LLC",,,,
,2025-06-12,13.38,,Microsoft 365,Software,,"TSP, LLC",,,,
,2025-06-12,2.55,,Google Suite,Software,,"TSP, LLC",,,,
,2025-06-12,6,,AWS - Database,Software,,"TSP, LLC",,,,
,2025-06-12,9.99,,Apple iCloud,Software,,"TSP, LLC",,,,
,2025-06-12,64.18,,Adobe CC,Software,,"TSP, LLC",,,,
,2025-06-20,64.19,,Adobe Application subscription,Software,,"TSP, LLC",,,,
,2025-06-22,14.99,,AirData.com subscription,Software,,Airborne Images,,,,
,2025-06-30,29.99,,Adobe Stock Subscription,Software,,"TSP, LLC",,,,
,2025-07-01,8.08,,Google for Business Subscription,Software,,"TSP, LLC",,,,
,2025-07-02,16.04,,Paddle.com,Software,,"TSP, LLC",,,,
,2025-07-02,13.38,,Microsoft 365,Software,,"TSP, LLC",,,,
,2025-07-02,7.2,,Google Business Suite,Software,,"TSP, LLC",,,,
,2025-07-02,6,,AWS - Database,Software,,"TSP, LLC",,,,
,2025-07-02,9.99,,Apple iCloud,Software,,"TSP, LLC",,,,
,2025-07-02,64.18,,Adobe CC,Software,,"TSP, LLC",,,,
,2025-07-04,2.55,,Google Suite,Software,,"TSP, LLC",,,,
,2025-07-05,13.38,,Microsoft 365 Subscription,Software,,"TSP, LLC",,,,
,2025-07-07,16.77,,Heroku Hosting,Software,,"TSP, LLC",,,,
,2025-07-20,64.19,,Adobe Application subscription,Software,,"TSP, LLC",,,,
,2025-07-22,14.99,,AirData.com subscription,Software,,Airborne Images,,,,
,2025-07-30,29.99,,Adobe Stock Subscription,Software,,"TSP, LLC",,,,
,2025-08-01,8.08,,Google for Business Subscription,Software,,"TSP, LLC",,,,
,2025-08-05,13.38,,Microsoft 365 Subscription,Software,,"TSP, LLC",,,,
,2025-08-07,16.77,,Heroku Hosting,Software,,"TSP, LLC",,,,
,2025-08-19,29.99,,Panovolo Software Purchase - Venture Card,Software,,Tom Stout Photography,,,,
,2025-08-20,64.19,,Adobe Application subscription,Software,,"TSP, LLC",,,,
,2025-08-22,14.99,,AirData.com subscription,Software,,Airborne Images,,,,
,2025-08-30,29.99,,Adobe Stock Subscription,Software,,"TSP, LLC",,,,
,2025-09-01,8.08,,Google for Business Subscription,Software,,"TSP, LLC",,,,
,2025-09-03,19.2,,The LUT Bay presets,Software,,Tom Stout Photography,,,,
,2025-09-05,13.38,,Microsoft 365 Subscription,Software,,"TSP, LLC",,,,
,2025-09-07,16.77,,Heroku Hosting,Software,,"TSP, LLC",,,,
,2025-09-20,64.19,,Adobe Application subscription,Software,,"TSP, LLC",,,,
,2025-09-22,14.99,,AirData.com subscription,Software,,Airborne Images,,,,
,2025-09-30,29.99,,Adobe Stock Subscription,Software,,"TSP, LLC",,,,
,2025-10-01,8.08,,Google for Business Subscription,Software,,"TSP, LLC",,,,
,2025-10-05,13.38,,Microsoft 365 Subscription,Software,,"TSP, LLC",,,,
,2025-10-07,16.77,,Heroku Hosting,Software,,"TSP, LLC",,,,
,2025-10-20,64.19,,Adobe Application subscription,Software,,"TSP, LLC",,,,
,2025-10-22,14.99,,AirData.com subscription,Software,,Airborne Images,,,,
,2025-10-30,29.99,,Adobe Stock Subscription,Software,,"TSP, LLC",,,,
,2025-11-01,8.08,,Google for Business Subscription,Software,,"TSP, LLC",,,,
,2025-11-05,13.38,,Microsoft 365 Subscription,Software,,"TSP, LLC",,,,
,2025-11-07,16.77,,Heroku Hosting,Software,,"TSP, LLC",,,,
,2025-11-20,64.19,,Adobe Application subscription,Software,,"TSP, LLC",,,,
,2025-11-22,14.99,,AirData.com subscription,Software,,Airborne Images,,,,
,2025-11-30,29.99,,Adobe Stock Subscription,Software,,"TSP, LLC",,,,
,2025-12-01,8.08,,Google for Business Subscription,Software,,"TSP, LLC",,,,
,2025-12-05,13.38,,Microsoft 365 Subscription,Software,,"TSP, LLC",,,,
,2025-12-07,16.77,,Heroku Hosting,Software,,"TSP, LLC",,,,
,2025-12-20,64.19,,Adobe Application subscription,Software,,"TSP, LLC",,,,
,2025-12-22,14.99,,AirData.com subscription,Software,,Airborne Images,,,,
,2025-12-30,29.99,,Adobe Stock Subscription,Software,,"TSP, LLC",,,,
,2026-01-01,8.08,,Google for Business Subscription,Software,,"TSP, LLC",,,,
,2026-01-05,13.38,,Microsoft 365 Subscription,Software,,"TSP, LLC",,,,
,2026-01-07,16.77,,Heroku Hosting,Software,,"TSP, LLC",,,,
,2026-01-20,64.19,,Adobe Application subscription,Software,,"TSP, LLC",,,,
,2026-01-22,14.99,,AirData.com subscription,Software,,Airborne Images,,,,
,2026-01-30,29.99,,Adobe Stock Subscription,Software,,"TSP, LLC",,,,
,2024-11-20,234.95,,InkOwl Pro 2000 Ink,Supplies: Photography,,Tom Stout Photography,,,,
,2024-11-25,117.49,,24x100 Photo Paper Breathing Color,Supplies: Photography,,Tom Stout Photography,,,,
,2025-11-24,57.54,,Rachel McIntosh Prints,Supplies: Photography,,Tom Stout Photography,,,,
,2023-06-30,127,230016,Checked Bag,Travel: Airfare,,Airborne Images,Denver,,,
,2023-09-13,30,230021,Reading,Travel: Airfare,,Airborne Images,Reading,,,
,2024-04-15,74.04,240019,Vegas I - Flights,Travel: Airfare,,Airborne Images,Vegas I,,,
,2024-05-06,17.99,240049,Sonoma Air,Travel: Airfare,,Airborne Images,Sonoma,,,
,2024-05-06,13.99,240049,Sonoma Air,Travel: Airfare,,Airborne Images,Sonoma,,,
,2024-05-06,248.6,240049,Sonoma Air,Travel: Airfare,,Airborne Images,Sonoma,,,
,2024-06-12,135.99,240049,NHRA Sonoma,Travel: Airfare,,Airborne Images,Sonoma,,,
,2024-06-27,248.18,240051,Brainerd,Travel: Airfare,,Airborne Images,Brainerd,,,
,2024-07-18,-82.99,240049,NHRA Sonoma - Airfare credit for Seattle,Travel: Airfare,,Airborne Images,Sonoma,,,
,2024-10-08,581.38,240058,Pomona II Air,Travel: Airfare,,Airborne Images,Pomona II,,,
,2024-10-10,172.44,240058,Pomona II Airfare,Travel: Airfare,,Airborne Images,Pomona II,,,
,2024-11-19,80,240058,Pomona II Checked Bags,Travel: Airfare,,Airborne Images,Pomona II,,,
,2025-01-10,159.91,250103,"Return flight, Pomona I",Travel: Airfare,,Airborne Images,Pomona I,,,
,2025-01-10,27.77,250103,"Flight insurance, Pomona I",Travel: Airfare,,Airborne Images,Pomona I,,,
,2025-01-10,148.22,250103,Alaska Air flight to Pomona I,Travel: Airfare,,Airborne Images,Pomona I,,,
,2025-01-24,588.36,250101,Gainseville Flight,Travel: Airfare,,Airborne Images,Gainesville,,,
,2025-02-04,401.97,250102,Phoenix Flights,Travel: Airfare,,Airborne Images,Phoenix,,,
,2025-02-04,113.58,250102,Phoenix Airfare,Travel: Airfare,,Airborne Images,Phoenix,,,
,2025-03-10,34.99,250101,Gainesville - Indy checked bag,Travel: Airfare,,Airborne Images,Gainesville,,,
,2025-03-11,35,250101,Indy - Gainesville checked bag,Travel: Airfare,,Airborne Images,Gainesville,,,
,2025-03-19,35,250102,Phoenix - Indy Checked bag,Travel: Airfare,,Airborne Images,Phoenix,,,
,2025-03-27,35,250102,Phoenix - Indy checked bag,Travel: Airfare,,Airborne Images,Phoenix,,,
,2025-04-11,379,250104,Vegas flights,Travel: Airfare,,Airborne Images,Vegas I,,,
,2025-05-15,777.97,250107,Epping airfare,Travel: Airfare,,Airborne Images,Epping,,,
,2025-06-13,498.29,250111,Seattle Air - Venture,Travel: Airfare,,Airborne Images,Seattle,,,
,2025-07-28,463.73,250112,Sonoma Air - 5975,Travel: Airfare,,Airborne Images,Sonoma,,,
,2025-07-28,27.2,250112,Sonoma Air - Venture,Travel: Airfare,,Airborne Images,Sonoma,,,
,2025-09-24,523.07,250118,Dallas Air,Travel: Airfare,,Airborne Images,Dallas,,,
,2025-10-13,92.1,250118,Dallas Air - Checked bags,Travel: Airfare,,Airborne Images,Dallas,,,
,2025-10-23,633.99,250120,Pomona II Air,Travel: Airfare,,Airborne Images,Pomona II,,,
,2025-10-30,315.96,250119,Vegas II Airfare - Purchased by Leslie,Travel: Airfare,,Airborne Images,Vegas II,,,
,2025-11-17,45,250120,Pomona II Checked Bag,Travel: Airfare,,Airborne Images,Pomona II,,,
,2022-06-06,450.18,220007,Epping,Travel: Car Rental,,Airborne Images,Epping,,,
,2022-07-21,424.91,220012,San Francisco,Travel: Car Rental,,Airborne Images,Sonoma,,,
,2023-03-31,191.25,230013,Pomona I,Travel: Car Rental,,Airborne Images,Pomona I,,,
,2023-07-26,132,230018,Sonoma Car Rental,Travel: Car Rental,,Airborne Images,Sonoma,,,
,2024-04-30,251.03,240025,Charlotte I Car,Travel: Car Rental,,Airborne Images,Charlotte I,,,
,2024-05-08,251.03,240033,Chicago Car,Travel: Car Rental,,Airborne Images,Chicago,,,
,2024-06-12,251.03,240039,NHRA Bristol,Travel: Car Rental,,Airborne Images,Bristol,,,
,2024-06-26,251.03,240042,NHRA Virginia,Travel: Car Rental,,Airborne Images,Richmond,,,
,2024-07-01,200.82,240047,NHRA Norwalk,Travel: Car Rental,,Airborne Images,Norwalk,,,
,2024-07-30,366.84,240049,NHRA Sonoma,Travel: Car Rental,,Airborne Images,Sonoma,,,
,2024-08-19,319.49,240051,Brainerd Car Rental,Travel: Car Rental,,Airborne Images,Brainerd,,,
,2024-09-09,160.36,240052,Indy Car,Travel: Car Rental,,Airborne Images,Indy,,,
,2024-09-24,356.74,240053,Reading Car,Travel: Car Rental,,Airborne Images,Reading,,,
,2024-09-30,258.59,240054,St Louis Car,Travel: Car Rental,,Airborne Images,St Louis,,,
,2024-10-14,463.66,240056,Dallas Car Rental,Travel: Car Rental,,Airborne Images,Dallas,,,
,2024-10-31,411.88,240057,Vegas II Car,Travel: Car Rental,,Airborne Images,Vegas II,,,
,2024-11-18,311.91,240058,Pomona II Car Rental,Travel: Car Rental,,Airborne Images,Pomona II,,,
,2025-03-11,231.1,250101,Gainesville car rental,Travel: Car Rental,,Airborne Images,Gainesville,,,
,2025-03-25,433.67,250102,Phoenix Rental Car,Travel: Car Rental,,Airborne Images,Phoenix,,,
,2025-04-02,393.54,250103,Pomona I Car Rental,Travel: Car Rental,,Airborne Images,Pomona I,,,
,2025-04-17,223.4,250104,Vegas I Car Rental,Travel: Car Rental,,Airborne Images,Vegas I,,,
,2025-06-04,401.98,250107,Epping Car Rental,Travel: Car Rental,,Airborne Images,Epping,,,
,2025-07-28,547.21,250112,Sonoma Car Rental - Split w/Seattle,Travel: Car Rental,,Airborne Images,Sonoma,,,
,2025-07-28,547.21,250111,Seattle Car Rental - Split w/Sonoma,Travel: Car Rental,,Airborne Images,Seattle,,,
,2025-10-13,392.02,250118,Dallas Car Rental,Travel: Car Rental,,Airborne Images,Dallas,,,
,2025-11-03,333.22,250119,Vegas II Rental Car,Travel: Car Rental,,Airborne Images,Vegas II,,,
,2025-11-17,264.99,250120,Pomona II Car Rental,Travel: Car Rental,,Airborne Images,Pomona II,,,
,2026-01-31,333,,Test Expense for Gainesville,Travel: Car Rental,,Airborne Images,Gainesville,,,
,2023-07-26,52.68,230018,Sonoma Gas,Travel: Gas,,Airborne Images,Sonoma,,rental_car,
,2023-07-30,48.02,230017,Sonoma gas,Travel: Gas,,Airborne Images,Seattle,,rental_car,
,2023-09-05,48.08,230018,Sonoma Gas,Travel: Gas,,Airborne Images,Sonoma,,rental_car,
,2023-09-24,124,230021,Charlotte Gas,Travel: Gas,,Airborne Images,Reading,,rental_car,
,2023-09-25,60.19,230019,Brainerd Gas,Travel: Gas,,Airborne Images,Brainerd,,rental_car,
,2023-10-02,59.25,230021,St Louis Gas,Travel: Gas,,Airborne Images,Reading,,rental_car,
,2023-10-15,31.7,230023,Dallas Gas,Travel: Gas,,Airborne Images,St Louis,,rental_car,
,2023-10-18,60.19,230019,Reading gas,Travel: Gas,,Airborne Images,Brainerd,,rental_car,
,2023-10-26,40.07,230025,Vegas II Gas,Travel: Gas,,Airborne Images,Vegas II,,rental_car,
,2023-10-27,124,230022,Charlotte II Gas,Travel: Gas,,Airborne Images,Charlotte II,,rental_car,
,2023-11-10,59.26,230023,St Louis Gas,Travel: Gas,,Airborne Images,St Louis,,rental_car,
,2023-11-12,48.06,230026,Pomona II Gas,Travel: Gas,,Airborne Images,Pomona II,,rental_car,
,2023-11-20,31.7,230024,Dallas Gas,Travel: Gas,,Airborne Images,Dallas,,rental_car,
,2023-12-01,31.7,230023,Vegas II gas,Travel: Gas,,Airborne Images,St Louis,,rental_car,
,2023-12-20,98.06,230026,Pomona II Gas,Travel: Gas,,Airborne Images,Pomona II,,rental_car,
,2024-03-14,85.79,240015,Gainesville Gas,Travel: Gas,,Airborne Images,Gainesville,,rental_car,
,2024-03-22,49.78,240016,Pomona I,Travel: Gas,,Airborne Images,Pomona I,,rental_car,
,2024-04-08,27.99,240018,Phoenix,Travel: Gas,,Airborne Images,Phoenix,,rental_car,
,2024-04-14,61.87,240019,Vegas I,Travel: Gas,,Airborne Images,Vegas I,,rental_car,
,2024-04-18,61.87,240019,Vegas I Gas,Travel: Gas,,Airborne Images,Vegas I,,rental_car,
,2024-04-26,56.1,240025,Charlotte I Gas,Travel: Gas,,Airborne Images,Charlotte I,,rental_car,
,2024-04-29,11.42,240025,Charlotte I Gas,Travel: Gas,,Airborne Images,Charlotte I,,rental_car,
,2024-04-29,18.94,240025,Charlotte I Gas,Travel: Gas,,Airborne Images,Charlotte I,,rental_car,
,2024-05-01,42.86,240047,Norwalk - Gas,Travel: Gas,,Airborne Images,Norwalk,,rental_car,
,2024-05-06,68,,Minnesota gas - Vacation,Travel: Gas,,Airborne Images,,,rental_car,
,2024-05-08,29.99,240018,Phoenix Gas,Travel: Gas,,Airborne Images,Phoenix,,rental_car,
,2024-05-16,29.4,240033,Chicago Gas,Travel: Gas,,Airborne Images,Chicago,,rental_car,
,2024-05-16,40.05,240033,Chicago Gas,Travel: Gas,,Airborne Images,Chicago,,rental_car,
,2024-05-20,575.36,240033,Chicago Gas,Travel: Gas,,Airborne Images,Chicago,,rental_car,
,2024-05-20,50.08,240033,Chicago Gas,Travel: Gas,,Airborne Images,Chicago,,rental_car,
,2024-06-11,58.15,240302,Veteran Droners Gas,Travel: Gas,,Airborne Images,,,rental_car,
,2024-06-21,51.75,240042,Travel: Gas,Travel: Gas,,Airborne Images,Richmond,,rental_car,
,2024-06-22,46.95,240042,Virginia - Fuel,Travel: Gas,,Airborne Images,Richmond,,rental_car,
,2024-06-25,46.95,240047,Travel: Gas,Travel: Gas,,Airborne Images,Norwalk,,rental_car,
,2024-06-25,54.25,240042,Virginia - Fuel,Travel: Gas,,Airborne Images,Richmond,,rental_car,
,2024-06-26,38.85,240047,Travel: Gas,Travel: Gas,,Airborne Images,Norwalk,,rental_car,
,2024-06-26,44.19,240047,Travel: Gas,Travel: Gas,,Airborne Images,Norwalk,,rental_car,
,2024-06-27,36.94,240042,Richmond Gas,Travel: Gas,,Airborne Images,Richmond,,rental_car,
,2024-07-01,40.75,240049,Sonoma,Travel: Gas,,Airborne Images,Sonoma,,rental_car,
,2024-07-15,82.99,240049,NHRA Sonoma,Travel: Gas,,Airborne Images,Sonoma,,rental_car,
,2024-08-19,63.1,240051,Brainerd Gas,Travel: Gas,,Airborne Images,Brainerd,,rental_car,
,2024-09-09,38.89,240052,Indy Gas,Travel: Gas,,Airborne Images,Indy,,rental_car,
,2024-09-15,58.72,240053,Reading Gas,Travel: Gas,,Airborne Images,Reading,,rental_car,
,2024-09-16,37.56,240053,Reading Gas,Travel: Gas,,Airborne Images,Reading,,rental_car,
,2024-09-29,48.18,240054,St Louis Gas,Travel: Gas,,Airborne Images,St Louis,,rental_car,
,2024-09-29,33.31,240054,St Louis Gas,Travel: Gas,,Airborne Images,St Louis,,rental_car,
,2024-11-19,33.23,240058,Pomona II Gas,Travel: Gas,,Airborne Images,Pomona II,,rental_car,
,2025-03-10,28.78,250101,Gainesville Gas,Travel: Gas,,Airborne Images,Gainesville,,rental_car,
,2025-03-26,69.92,250102,Phoenix Gas,Travel: Gas,,Airborne Images,Phoenix,,rental_car,
,2025-04-03,43.2,250103,Pomona I Gas,Travel: Gas,,Airborne Images,Pomona I,,rental_car,
,2025-04-16,22.83,250104,Vegas I Gas,Travel: Gas,,Airborne Images,Vegas I,,rental_car,
,2025-04-24,54.39,250105,Charlotte I Gas,Travel: Gas,,Airborne Images,Charlotte I,,rental_car,
,2025-04-25,65.26,250105,Charlotte I Gas,Travel: Gas,,Airborne Images,Charlotte I,,rental_car,
,2025-04-29,68.71,250105,Charlotte I Gas,Travel: Gas,,Airborne Images,Charlotte I,,rental_car,
,2025-05-18,72.66,250106,Chicago Gas,Travel: Gas,,Airborne Images,Chicago,,rental_car,
,2025-06-02,28.05,250107,Epping Gas,Travel: Gas,,Airborne Images,Epping,,rental_car,
,2025-06-04,16.38,250107,Epping Gas,Travel: Gas,,Airborne Images,Epping,,rental_car,
,2025-06-05,37.96,250108,Bristol Gas,Travel: Gas,,Airborne Images,Bristol,,rental_car,
,2025-06-08,45.14,250108,Bristol Gas,Travel: Gas,,Airborne Images,Bristol,,rental_car,
,2025-06-19,55.75,250109,Virginia Gas,Travel: Gas,,Airborne Images,Richmond,,rental_car,
,2025-06-20,59.44,250109,Virginia Gas,Travel: Gas,,Airborne Images,Richmond,,rental_car,
,2025-06-22,45.38,250109,Virginia Gas,Travel: Gas,,Airborne Images,Richmond,,rental_car,
,2025-06-23,61.13,250109,Virginia Gas,Travel: Gas,,Airborne Images,Richmond,,rental_car,
,2025-06-28,48.28,250110,Norwalk Gas,Travel: Gas,,Airborne Images,Norwalk,,rental_car,
,2025-06-28,74.35,250110,Norwalk Gas,Travel: Gas,,Airborne Images,Norwalk,,rental_car,
,2025-06-30,42.47,250110,Norwalk Gas - Chase Business Debit,Travel: Gas,,Airborne Images,Norwalk,,rental_car,
,2025-06-30,48.85,250110,Norwalk Gas,Travel: Gas,,Airborne Images,Norwalk,,rental_car,
,2025-07-21,77.4,250111,Seattle Gas,Travel: Gas,,Airborne Images,Seattle,,rental_car,
,2025-07-22,40,250111,Seattle Gas,Travel: Gas,,Airborne Images,Seattle,,rental_car,
,2025-07-23,41.57,250112,Sonoma Gas,Travel: Gas,,Airborne Images,Sonoma,,rental_car,
,2025-07-23,69.63,250112,Sonoma Gas,Travel: Gas,,Airborne Images,Sonoma,,rental_car,
,2025-07-26,48.45,250112,Sonoma Gas,Travel: Gas,,Airborne Images,Sonoma,,rental_car,
,2025-07-28,85.12,250112,Sonoma Gas,Travel: Gas,,Airborne Images,Sonoma,,rental_car,
,2025-08-13,68.91,250113,Brainerd Gas,Travel: Gas,,Airborne Images,Brainerd,,rental_car,
,2025-08-14,37.05,250113,Brainerd Gas,Travel: Gas,,Airborne Images,Brainerd,,rental_car,
,2025-08-14,46.43,250113,Brainerd Gas,Travel: Gas,,Airborne Images,Brainerd,,rental_car,
,2025-08-16,41.6,250113,Brainerd Gas - Merrick,Travel: Gas,,Airborne Images,Brainerd,,rental_car,
,2025-08-18,58.89,250113,Brainerd Gas - Venture Card,Travel: Gas,,Airborne Images,Brainerd,,rental_car,
,2025-08-18,50.29,250113,Brainerd Gas,Travel: Gas,,Airborne Images,Brainerd,,rental_car,
,2025-09-10,58.8,250115,Reading Gas,Travel: Gas,,Airborne Images,Reading,,rental_car,
,2025-09-10,50.7,250115,Reading Gas,Travel: Gas,,Airborne Images,Reading,,rental_car,
,2025-09-12,75.99,250115,Reading Gas,Travel: Gas,,Airborne Images,Reading,,rental_car,
,2025-09-17,58.59,250115,Reading Gas,Travel: Gas,,Airborne Images,Reading,,rental_car,
,2025-09-18,47.32,250116,Charlotte Ii Gas,Travel: Gas,,Airborne Images,Charlotte II,,rental_car,
,2025-09-19,50.3,250116,Charlotte II Gas,Travel: Gas,,Airborne Images,Charlotte II,,rental_car,
,2025-09-22,59.18,250116,Charlotte II Gas,Travel: Gas,,Airborne Images,Charlotte II,,rental_car,
,2025-09-22,57.5,250116,Charlotte II Gas,Travel: Gas,,Airborne Images,Charlotte II,,rental_car,
,2025-09-26,65.82,250117,St Louis Gas,Travel: Gas,,Airborne Images,St Louis,,rental_car,
,2025-10-13,44.84,250118,Dallas Gas,Travel: Gas,,Airborne Images,Dallas,,rental_car,
,2025-11-03,75.28,250119,"Vegas II Gas, Fortiva",Travel: Gas,,Airborne Images,Vegas II,,rental_car,
,2025-11-17,62.24,250120,Pomona II Gas,Travel: Gas,,Airborne Images,Pomona II,,rental_car,
,2022-07-07,146,220016,Denver,Travel: Hotels,,Airborne Images,Denver,,,
,2022-07-11,219,220012,Sonoma,Travel: Hotels,,Airborne Images,Sonoma,,,
,2023-03-10,284.56,230011,Gainsville,Travel: Hotels,,Airborne Images,Gainesville,,,
,2024-06-10,694.46,240039,Bristol Hotel,Travel: Hotels,,Airborne Images,Bristol,,,
,2024-06-20,108.66,240042,Richmond,Travel: Hotels,,Airborne Images,Richmond,,,
,2024-06-24,507,240042,NHRA Virginia,Travel: Hotels,,Airborne Images,Richmond,,,
,2024-06-30,410.22,240047,NHRA Norwalk,Travel: Hotels,,Airborne Images,Norwalk,,,
,2024-07-31,1112.6,240049,NHRA Sonoma,Travel: Hotels,,Airborne Images,Sonoma,,,
,2024-08-21,1161,240051,Brainerd Hotel,Travel: Hotels,,Airborne Images,Brainerd,,,
,2024-09-15,616.98,240053,Reading Hotel,Travel: Hotels,,Airborne Images,Reading,,,
,2024-09-26,445.05,240054,St Louis,Travel: Hotels,,Airborne Images,St Louis,,,
,2024-10-14,650.58,240056,Dallas Hotel,Travel: Hotels,,Airborne Images,Dallas,,,
,2024-11-03,277.36,240057,Vegas II Hotel,Travel: Hotels,,Airborne Images,Vegas II,,,
,2024-11-18,844.25,240058,Pomona II Hotel,Travel: Hotels,,Airborne Images,Pomona II,,,
,2025-04-01,868,250103,Pomona I Hotel Receipt,Travel: Hotels,,Airborne Images,Pomona I,,,
,2025-04-14,533.3,250104,Vegas I Hotel,Travel: Hotels,,Airborne Images,Vegas I,,,
,2025-04-27,397.62,250105,Charlotte I Hotel,Travel: Hotels,,Airborne Images,Charlotte I,,,
,2025-04-28,105.84,250105,"Charlotte I Hotel Beckley, WV",Travel: Hotels,,Airborne Images,Charlotte I,,,
,2025-05-20,348.66,250106,Chicago Hotel,Travel: Hotels,,Airborne Images,Chicago,,,
,2025-05-29,862.6,250107,Epping Hotel,Travel: Hotels,,Airborne Images,Epping,,,
,2025-06-08,489.99,250108,Bristol Hotel,Travel: Hotels,,Airborne Images,Bristol,,,
,2025-06-18,102.41,250109,Virginia Hotel 1st night,Travel: Hotels,,Airborne Images,Richmond,,,
,2025-06-23,108.66,250109,Virginia Hotel - Return Trip Venture Card,Travel: Hotels,,Airborne Images,Richmond,,,
,2025-06-24,589.53,250109,Virginia Hotel - Venture Card,Travel: Hotels,,Airborne Images,Richmond,,,
,2025-06-30,814.44,250110,Norwalk Hotel,Travel: Hotels,,Airborne Images,Norwalk,,,
,2025-07-21,928.65,250111,Seattle Hotel,Travel: Hotels,,Airborne Images,Seattle,,,
,2025-07-28,1425.45,250112,Sonoma Hotel,Travel: Hotels,,Airborne Images,Sonoma,,,
,2025-08-14,102.64,250113,Brainerd Hotel - 1st night,Travel: Hotels,,Airborne Images,Brainerd,,,
,2025-08-17,133.48,250113,Brainerd Hotel 3,Travel: Hotels,,Airborne Images,Brainerd,,,
,2025-08-17,550.36,250113,Brainerd Hotel - Airbnb,Travel: Hotels,,Airborne Images,Brainerd,,,
,2025-09-10,155.8,250115,Reading Hotel,Travel: Hotels,,Airborne Images,Reading,,,
,2025-09-14,114.94,250115,Reading Hotel,Travel: Hotels,,Airborne Images,Reading,,,
,2025-09-14,640.71,250115,Reading Hotel,Travel: Hotels,,Airborne Images,Reading,,,
,2025-09-17,134.47,250116,Charlotte II Hotel,Travel: Hotels,,Airborne Images,Charlotte II,,,
,2025-09-21,108.66,250116,Charlotte II Hotel,Travel: Hotels,,Airborne Images,Charlotte II,,,
,2025-09-21,397.62,250116,Charlotte II Hotel,Travel: Hotels,,Airborne Images,Charlotte II,,,
,2025-09-28,465.75,250117,St Louis Hotel,Travel: Hotels,,Airborne Images,St Louis,,,
,2025-10-13,704.28,250118,Dallas Hotel,Travel: Hotels,,Airborne Images,Dallas,,,
,2025-11-03,711.82,250119,Vegas II Hotel,Travel: Hotels,,Airborne Images,Vegas II,,,
,2025-11-17,798.92,250120,Pomona II Hotel,Travel: Hotels,,Airborne Images,Pomona II,,,
,2023-06-26,7.14,230016,Denver Meal,Travel: Meals,,Airborne Images,Denver,,,
,2023-06-30,32,230016,Denver,Travel: Meals,,Airborne Images,Denver,,,
,2023-07-27,23.58,230018,Sonoma Meals,Travel: Meals,,Airborne Images,Sonoma,,,
,2023-07-27,25.16,230018,Sonoma Meals,Travel: Meals,,Airborne Images,Sonoma,,,
,2023-10-26,17.32,230025,Vegas II Meals,Travel: Meals,,Airborne Images,Vegas II,,,
,2024-03-21,30,240016,Pomona I,Travel: Meals,,Airborne Images,Pomona I,,,
,2024-03-22,10.72,240016,Pomona I,Travel: Meals,,Airborne Images,Pomona I,,,
,2024-03-23,13.2,240016,Pomona I,Travel: Meals,,Airborne Images,Pomona I,,,
,2024-04-08,28.59,240018,Phoenix,Travel: Meals,,Airborne Images,Phoenix,,,
,2024-04-16,25.3,240019,Vegas I - Meals,Travel: Meals,,Airborne Images,Vegas I,,,
,2024-04-16,44.48,240019,Vegas I - Meals,Travel: Meals,,Airborne Images,Vegas I,,,
,2024-04-17,17.68,240018,Phoenix - Meals,Travel: Meals,,Airborne Images,Phoenix,,,
,2024-07-01,8.88,240047,NHRA Norwalk,Travel: Meals,,Airborne Images,Norwalk,,,
,2024-07-26,7.76,240049,NHRA Sonoma,Travel: Meals,,Airborne Images,Sonoma,,,
,2024-09-19,29.75,240053,Reading,Travel: Meals,,Airborne Images,Reading,,,
,2024-09-26,19.36,240054,St Louis,Travel: Meals,,Airborne Images,St Louis,,,
,2025-03-07,37.58,250101,Gainesville meal,Travel: Meals,,Airborne Images,Gainesville,,,
,2025-03-08,10.63,250101,Gainesville Meal,Travel: Meals,,Airborne Images,Gainesville,,,
,2025-03-11,30.42,250101,Gainesville meals,Travel: Meals,,Airborne Images,Gainesville,,,
,2025-03-19,29.15,250102,Phoenix Meal,Travel: Meals,,Airborne Images,Phoenix,,,
,2025-03-21,30.6,250102,Phoenix meals,Travel: Meals,,Airborne Images,Phoenix,,,
,2025-03-31,14.85,250103,Pomona I meals,Travel: Meals,,Airborne Images,Pomona I,,,
,2025-04-01,21.07,250103,Pomona I meals,Travel: Meals,,Airborne Images,Pomona I,,,
,2025-04-12,9.4,250104,Vegas I Meals,Travel: Meals,,Airborne Images,Vegas I,,,
,2025-04-24,36.18,250105,Charlotte I Meals,Travel: Meals,,Airborne Images,Charlotte I,,,
,2025-04-24,19.72,250105,Charlotte I Meals,Travel: Meals,,Airborne Images,Charlotte I,,,
,2025-04-28,19.93,250105,Charlotte Meal,Travel: Meals,,Airborne Images,Charlotte I,,,
,2025-05-16,11.55,250106,Chicago Meal,Travel: Meals,,Airborne Images,Chicago,,,
,2025-05-17,15.85,250106,Chicago Meals,Travel: Meals,,Airborne Images,Chicago,,,
,2025-05-17,11.32,250106,Chicago Meal,Travel: Meals,,Airborne Images,Chicago,,,
,2025-06-02,13.01,250107,Epping Meals,Travel: Meals,,Airborne Images,Epping,,,
,2025-06-02,12.14,250107,Epping meals,Travel: Meals,,Airborne Images,Epping,,,
,2025-06-04,27.4,250107,Epping Meals,Travel: Meals,,Airborne Images,Epping,,,
,2025-06-04,79.66,250107,Epping Meals,Travel: Meals,,Airborne Images,Epping,,,
,2025-06-06,10.83,250108,Bristol Meal,Travel: Meals,,Airborne Images,Bristol,,,
,2025-06-07,10.77,250108,Bristol Meals,Travel: Meals,,Airborne Images,Bristol,,,
,2025-06-09,11.16,250108,Bristol meals,Travel: Meals,,Airborne Images,Bristol,,,
,2025-06-19,11.9,250109,Virginia Meal,Travel: Meals,,Airborne Images,Richmond,,,
,2025-06-24,10.9,250109,Virginia meals,Travel: Meals,,Airborne Images,Richmond,,,
,2025-06-28,27.16,250110,Norwalk Meals,Travel: Meals,,Airborne Images,Norwalk,,,
,2025-06-29,74.67,250110,Norwalk Meals,Travel: Meals,,Airborne Images,Norwalk,,,
,2025-06-30,21.42,250110,Norwalk Meals,Travel: Meals,,Airborne Images,Norwalk,,,
,2025-07-19,8.03,250111,Seattle Meal,Travel: Meals,,Airborne Images,Seattle,,,
,2025-07-20,83.18,250111,Seattle Meal,Travel: Meals,,Airborne Images,Seattle,,,
,2025-07-21,56,250111,Seattle Meal,Travel: Meals,,Airborne Images,Seattle,,,
,2025-07-24,75.58,250112,Sonoma Meal,Travel: Meals,,Airborne Images,Sonoma,,,
,2025-07-24,58.89,250112,Sonoma Meal,Travel: Meals,,Airborne Images,Sonoma,,,
,2025-07-27,11.68,250112,Sonoma Meal,Travel: Meals,,Airborne Images,Sonoma,,,
,2025-08-14,10.96,250113,Brainerd Meals - Merrick,Travel: Meals,,Airborne Images,Brainerd,,,
,2025-08-14,15.09,250113,Brainerd Meals,Travel: Meals,,Airborne Images,Brainerd,,,
,2025-08-15,14.12,250113,Brainerd Meals - Merrick,Travel: Meals,,Airborne Images,Brainerd,,,
,2025-08-17,12.62,250113,Brainerd Meals,Travel: Meals,,Airborne Images,Brainerd,,,
,2025-09-10,9.69,250115,Reading Meals,Travel: Meals,,Airborne Images,Reading,,,
,2025-09-11,13.24,250115,Reading Meals,Travel: Meals,,Airborne Images,Reading,,,
,2025-09-19,14.17,250116,Charlotte II Meals,Travel: Meals,,Airborne Images,Charlotte II,,,
,2025-09-19,9.42,250116,Charlotte II Meals,Travel: Meals,,Airborne Images,Charlotte II,,,
,2025-09-20,10.77,250116,Charlotte II Meals,Travel: Meals,,Airborne Images,Charlotte II,,,
,2025-09-22,11.59,250116,Charlotte II Meals,Travel: Meals,,Airborne Images,Charlotte II,,,
,2025-09-25,21.4,250117,St Louis Meals,Travel: Meals,,Airborne Images,St Louis,,,
,2025-09-25,54.27,250117,St Louis Meals,Travel: Meals,,Airborne Images,St Louis,,,
,2025-09-26,43.12,250117,St Louis Meals,Travel: Meals,,Airborne Images,St Louis,,,
,2025-09-27,50.02,250117,St Louis Meals,Travel: Meals,,Airborne Images,St Louis,,,
,2025-10-09,8.43,250118,Dallas Meals,Travel: Meals,,Airborne Images,Dallas,,,
,2025-10-09,14.4,250118,Dallas Meal,Travel: Meals,,Airborne Images,Dallas,,,
,2025-10-11,18.62,250118,Dallas Meals,Travel: Meals,,Airborne Images,Dallas,,,
,2025-10-11,18.62,250118,Dallas Meals,Travel: Meals,,Airborne Images,Dallas,,,
,2025-10-12,13.74,250118,Dallas Meals,Travel: Meals,,Airborne Images,Dallas,,,
,2025-10-30,52.45,250119,Vegas II Meals,Travel: Meals,,Airborne Images,Vegas II,,,
,2025-10-30,27.14,250119,Vegas II Meals,Travel: Meals,,Airborne Images,Vegas II,,,
,2025-11-01,39.72,250119,Vegas II Meals,Travel: Meals,,Airborne Images,Vegas II,,,
,2025-11-02,42.52,250119,Vegas II Meals,Travel: Meals,,Airborne Images,Vegas II,,,
,2025-11-15,32.44,250120,Pomona II Meals - Hotel Rest.,Travel: Meals,,Airborne Images,Pomona II,,,
,2025-11-15,10.03,250120,Pomona II Meals,Travel: Meals,,Airborne Images,Pomona II,,,
,2025-11-15,32.44,250120,Pomona II Meals,Travel: Meals,,Airborne Images,Pomona II,,,
,2025-11-16,12.81,250120,Pomona II Meals,Travel: Meals,,Airborne Images,Pomona II,,,
,2025-11-17,11.29,250120,Pomona II Meals - Flight Home,Travel: Meals,,Airborne Images,Pomona II,,,
,2022-01-23,36,220007,Epping - Parking,Travel: Other,,Airborne Images,Epping,,,
,2023-04-03,36,230011,Gainsville Parking,Travel: Other,,Airborne Images,Gainesville,,,
,2023-06-26,4.75,230015,"Norwalk, Toll",Travel: Other,,Airborne Images,Norwalk,,,
,2024-08-01,15.2,240049,NHRA Sonoma - Tolls,Travel: Other,,Airborne Images,Sonoma,,,
,2024-10-22,23.97,240056,Dallas Tolls,Travel: Other,,Airborne Images,Dallas,,,
,2024-11-01,18,240057,Vegas II Parking,Travel: Other,,Airborne Images,Vegas II,,,
,2025-06-01,13.75,250107,Epping Tolls - Maine (Cash),Travel: Other,,Airborne Images,Epping,,,
,2025-06-10,10.05,250107,Epping Tolls - Boston,Travel: Other,,Airborne Images,Epping,,,
,2025-06-27,5.5,250110,Norwalk Tolls,Travel: Other,,Airborne Images,Norwalk,,,
,2025-06-27,9,250110,Norwalk Tolls,Travel: Other,,Airborne Images,Norwalk,,,
,2025-06-30,5.5,250110,Norwalk Tolls,Travel: Other,,Airborne Images,Norwalk,,,
,2025-07-28,37.15,250112,Sonoma Tolls,Travel: Other,,Airborne Images,Sonoma,,,
,2025-07-30,11.4,250105,Charlotte I Tolls,Travel: Other,,Airborne Images,Charlotte I,,,
,2025-08-08,63,250111,Seattle Tolls,Travel: Other,,Airborne Images,Seattle,,,
,2025-10-23,95.71,250115,EZ Pass Toll - Reading,Travel: Other,,Airborne Images,Reading,,,
,2025-11-17,45,250120,Pomona II Parking,Travel: Other,,Airborne Images,Pomona II,,,
,2023-01-01,17,,Heroku,Web Hosting,,12Bytes,,,,
,2023-01-14,15.36,,Website - Heroku,Web Hosting,,12Bytes,,,,
,2023-02-01,17,,Heroku,Web Hosting,,12Bytes,,,,
,2023-02-14,15.36,,Website - Heroku,Web Hosting,,12Bytes,,,,
,2023-03-01,17,,Heroku,Web Hosting,,12Bytes,,,,
,2023-03-14,15.36,,Website - Heroku,Web Hosting,,12Bytes,,,,
,2023-04-01,17,,Heroku,Web Hosting,,12Bytes,,,,
,2023-04-14,15.36,,Website - Heroku,Web Hosting,,12Bytes,,,,
,2023-05-01,17,,Heroku,Web Hosting,,12Bytes,,,,
,2023-05-14,17,,Website - Heroku,Web Hosting,,12Bytes,,,,
,2023-06-01,17,,Heroku,Web Hosting,,12Bytes,,,,
,2023-06-14,17,,Website - Heroku,Web Hosting,,12Bytes,,,,
,2023-07-01,17,,Heroku,Web Hosting,,12Bytes,,,,
,2023-07-13,32.16,,GoDaddy Domain Renewal,Web Hosting,,12Bytes,,,,
,2023-07-14,17,,Website - Heroku,Web Hosting,,12Bytes,,,,
,2023-08-01,17,,Heroku,Web Hosting,,12Bytes,,,,
,2023-08-14,17,,Website - Heroku,Web Hosting,,12Bytes,,,,
,2023-09-01,17,,Heroku,Web Hosting,,12Bytes,,,,
,2023-09-14,17,,Website - Heroku,Web Hosting,,12Bytes,,,,
,2023-10-01,17,,Heroku,Web Hosting,,12Bytes,,,,
,2023-10-14,17,,Website - Heroku,Web Hosting,,12Bytes,,,,
,2023-11-01,17,,Heroku,Web Hosting,,12Bytes,,,,
,2023-11-14,17,,Website - Heroku,Web Hosting,,12Bytes,,,,
,2023-12-01,17,,Heroku,Web Hosting,,12Bytes,,,,
,2023-12-14,17,,Website - Heroku,Web Hosting,,12Bytes,,,,
,2024-01-14,17,,Website - Heroku,Web Hosting,,12Bytes,,,,
,2024-02-14,17,,Website - Heroku,Web Hosting,,12Bytes,,,,
,2024-03-21,17,,Heroku,Web Hosting,,12Bytes,,,,
,2024-04-10,17,,Heroku,Web Hosting,,12Bytes,,,,
,2024-05-13,17,,Heroku,Web Hosting,,12Bytes,,,,
,2024-06-01,17,,Heroku,Web Hosting,,12Bytes,,,,
,2024-07-01,17,,Heroku,Web Hosting,,12Bytes,,,,
,2024-07-04,0.48,,AWS Database hosting,Web Hosting,,12Bytes,,,,
,2024-07-19,22.17,,GoDaddy Domain Renewal,Web Hosting,,12Bytes,,,,
,2024-07-19,35.16,,GoDaddy Domain Renewal,Web Hosting,,12Bytes,,,,
,2024-08-04,0.48,,AWS Database hosting,Web Hosting,,12Bytes,,,,
,2024-09-04,0.48,,AWS Database hosting,Web Hosting,,12Bytes,,,,
,2024-11-27,71.88,,Siteground Hosting Annual,Web Hosting,,12Bytes,,,,
,2024-12-30,120,,Smugmug Annual Subscription,Web Hosting,,12Bytes,,,,
,2025-01-04,0.48,,AWS Database hosting,Web Hosting,,12Bytes,,,,
,2025-01-08,9,,Heroku,Web Hosting,,12Bytes,,,,
,2025-02-04,0.48,,AWS Database hosting,Web Hosting,,12Bytes,,,,
,2025-02-08,9,,Heroku,Web Hosting,,12Bytes,,,,
,2025-03-04,0.48,,AWS Database hosting,Web Hosting,,12Bytes,,,,
,2025-03-08,9,,Heroku,Web Hosting,,12Bytes,,,,
,2025-04-04,0.48,,AWS Database hosting,Web Hosting,,12Bytes,,,,
,2025-04-08,9,,Heroku,Web Hosting,,12Bytes,,,,
,2025-05-04,0.48,,AWS Database hosting,Web Hosting,,12Bytes,,,,
,2025-05-08,9,,Heroku,Web Hosting,,12Bytes,,,,
,2025-06-04,0.48,,AWS Database hosting,Web Hosting,,12Bytes,,,,
,2025-06-12,11.19,,Heroku,Web Hosting,,12Bytes,,,,
,2025-07-02,11.19,,Heroku,Web Hosting,,12Bytes,,,,
,2025-07-04,0.48,,AWS Database hosting,Web Hosting,,12Bytes,,,,
,2025-08-04,0.48,,AWS Database hosting,Web Hosting,,12Bytes,,,,
,2025-09-04,0.48,,AWS Database hosting,Web Hosting,,12Bytes,,,,
,2025-10-04,0.48,,AWS Database hosting,Web Hosting,,12Bytes,,,,
,2025-11-04,0.48,,AWS Database hosting,Web Hosting,,12Bytes,,,,
,2025-12-04,0.48,,AWS Database hosting,Web Hosting,,12Bytes,,,,
,2026-01-04,0.48,,AWS Database hosting,Web Hosting,,12Bytes,,,,